subject_name,set_name,peak_image_filename,class
/home/ubuntu/cohn-kanade-images/S005,/home/ubuntu/cohn-kanade-images/S005/001,/home/ubuntu/cohn-kanade-images/S005/001/S005_001_00000011.png,disgust
/home/ubuntu/cohn-kanade-images/S010,/home/ubuntu/cohn-kanade-images/S010/001,/home/ubuntu/cohn-kanade-images/S010/001/S010_001_00000014.png,
/home/ubuntu/cohn-kanade-images/S010,/home/ubuntu/cohn-kanade-images/S010/002,/home/ubuntu/cohn-kanade-images/S010/002/S010_002_00000014.png,surprise
/home/ubuntu/cohn-kanade-images/S010,/home/ubuntu/cohn-kanade-images/S010/003,/home/ubuntu/cohn-kanade-images/S010/003/S010_003_00000018.png,
/home/ubuntu/cohn-kanade-images/S010,/home/ubuntu/cohn-kanade-images/S010/004,/home/ubuntu/cohn-kanade-images/S010/004/S010_004_00000019.png,anger
/home/ubuntu/cohn-kanade-images/S010,/home/ubuntu/cohn-kanade-images/S010/005,/home/ubuntu/cohn-kanade-images/S010/005/S010_005_00000016.png,
/home/ubuntu/cohn-kanade-images/S010,/home/ubuntu/cohn-kanade-images/S010/006,/home/ubuntu/cohn-kanade-images/S010/006/S010_006_00000015.png,happy
/home/ubuntu/cohn-kanade-images/S011,/home/ubuntu/cohn-kanade-images/S011/001,/home/ubuntu/cohn-kanade-images/S011/001/S011_001_00000016.png,surprise
/home/ubuntu/cohn-kanade-images/S011,/home/ubuntu/cohn-kanade-images/S011/002,/home/ubuntu/cohn-kanade-images/S011/002/S011_002_00000022.png,sadness
/home/ubuntu/cohn-kanade-images/S011,/home/ubuntu/cohn-kanade-images/S011/003,/home/ubuntu/cohn-kanade-images/S011/003/S011_003_00000014.png,fear
/home/ubuntu/cohn-kanade-images/S011,/home/ubuntu/cohn-kanade-images/S011/004,/home/ubuntu/cohn-kanade-images/S011/004/S011_004_00000021.png,anger
/home/ubuntu/cohn-kanade-images/S011,/home/ubuntu/cohn-kanade-images/S011/005,/home/ubuntu/cohn-kanade-images/S011/005/S011_005_00000020.png,disgust
/home/ubuntu/cohn-kanade-images/S011,/home/ubuntu/cohn-kanade-images/S011/006,/home/ubuntu/cohn-kanade-images/S011/006/S011_006_00000013.png,happy
/home/ubuntu/cohn-kanade-images/S014,/home/ubuntu/cohn-kanade-images/S014/001,/home/ubuntu/cohn-kanade-images/S014/001/S014_001_00000029.png,surprise
/home/ubuntu/cohn-kanade-images/S014,/home/ubuntu/cohn-kanade-images/S014/002,/home/ubuntu/cohn-kanade-images/S014/002/S014_002_00000016.png,sadness
/home/ubuntu/cohn-kanade-images/S014,/home/ubuntu/cohn-kanade-images/S014/003,/home/ubuntu/cohn-kanade-images/S014/003/S014_003_00000030.png,anger
/home/ubuntu/cohn-kanade-images/S014,/home/ubuntu/cohn-kanade-images/S014/004,/home/ubuntu/cohn-kanade-images/S014/004/S014_004_00000019.png,
/home/ubuntu/cohn-kanade-images/S014,/home/ubuntu/cohn-kanade-images/S014/005,/home/ubuntu/cohn-kanade-images/S014/005/S014_005_00000017.png,happy
/home/ubuntu/cohn-kanade-images/S022,/home/ubuntu/cohn-kanade-images/S022/001,/home/ubuntu/cohn-kanade-images/S022/001/S022_001_00000030.png,surprise
/home/ubuntu/cohn-kanade-images/S022,/home/ubuntu/cohn-kanade-images/S022/002,/home/ubuntu/cohn-kanade-images/S022/002/S022_002_00000017.png,
/home/ubuntu/cohn-kanade-images/S022,/home/ubuntu/cohn-kanade-images/S022/003,/home/ubuntu/cohn-kanade-images/S022/003/S022_003_00000033.png,
/home/ubuntu/cohn-kanade-images/S022,/home/ubuntu/cohn-kanade-images/S022/004,/home/ubuntu/cohn-kanade-images/S022/004/S022_004_00000023.png,
/home/ubuntu/cohn-kanade-images/S022,/home/ubuntu/cohn-kanade-images/S022/005,/home/ubuntu/cohn-kanade-images/S022/005/S022_005_00000032.png,anger
/home/ubuntu/cohn-kanade-images/S022,/home/ubuntu/cohn-kanade-images/S022/006,/home/ubuntu/cohn-kanade-images/S022/006/S022_006_00000017.png,disgust
/home/ubuntu/cohn-kanade-images/S026,/home/ubuntu/cohn-kanade-images/S026/001,/home/ubuntu/cohn-kanade-images/S026/001/S026_001_00000015.png,surprise
/home/ubuntu/cohn-kanade-images/S026,/home/ubuntu/cohn-kanade-images/S026/002,/home/ubuntu/cohn-kanade-images/S026/002/S026_002_00000016.png,sadness
/home/ubuntu/cohn-kanade-images/S026,/home/ubuntu/cohn-kanade-images/S026/003,/home/ubuntu/cohn-kanade-images/S026/003/S026_003_00000015.png,anger
/home/ubuntu/cohn-kanade-images/S026,/home/ubuntu/cohn-kanade-images/S026/004,/home/ubuntu/cohn-kanade-images/S026/004/S026_004_00000012.png,
/home/ubuntu/cohn-kanade-images/S026,/home/ubuntu/cohn-kanade-images/S026/005,/home/ubuntu/cohn-kanade-images/S026/005/S026_005_00000014.png,
/home/ubuntu/cohn-kanade-images/S026,/home/ubuntu/cohn-kanade-images/S026/006,/home/ubuntu/cohn-kanade-images/S026/006/S026_006_00000013.png,happy
/home/ubuntu/cohn-kanade-images/S028,/home/ubuntu/cohn-kanade-images/S028/001,/home/ubuntu/cohn-kanade-images/S028/001/S028_001_00000024.png,anger
/home/ubuntu/cohn-kanade-images/S029,/home/ubuntu/cohn-kanade-images/S029/001,/home/ubuntu/cohn-kanade-images/S029/001/S029_001_00000019.png,anger
/home/ubuntu/cohn-kanade-images/S032,/home/ubuntu/cohn-kanade-images/S032/001,/home/ubuntu/cohn-kanade-images/S032/001/S032_001_00000022.png,surprise
/home/ubuntu/cohn-kanade-images/S032,/home/ubuntu/cohn-kanade-images/S032/002,/home/ubuntu/cohn-kanade-images/S032/002/S032_002_00000021.png,
/home/ubuntu/cohn-kanade-images/S032,/home/ubuntu/cohn-kanade-images/S032/003,/home/ubuntu/cohn-kanade-images/S032/003/S032_003_00000017.png,anger
/home/ubuntu/cohn-kanade-images/S032,/home/ubuntu/cohn-kanade-images/S032/004,/home/ubuntu/cohn-kanade-images/S032/004/S032_004_00000014.png,fear
/home/ubuntu/cohn-kanade-images/S032,/home/ubuntu/cohn-kanade-images/S032/005,/home/ubuntu/cohn-kanade-images/S032/005/S032_005_00000016.png,disgust
/home/ubuntu/cohn-kanade-images/S032,/home/ubuntu/cohn-kanade-images/S032/006,/home/ubuntu/cohn-kanade-images/S032/006/S032_006_00000016.png,happy
/home/ubuntu/cohn-kanade-images/S034,/home/ubuntu/cohn-kanade-images/S034/001,/home/ubuntu/cohn-kanade-images/S034/001/S034_001_00000029.png,surprise
/home/ubuntu/cohn-kanade-images/S034,/home/ubuntu/cohn-kanade-images/S034/002,/home/ubuntu/cohn-kanade-images/S034/002/S034_002_00000033.png,
/home/ubuntu/cohn-kanade-images/S034,/home/ubuntu/cohn-kanade-images/S034/003,/home/ubuntu/cohn-kanade-images/S034/003/S034_003_00000027.png,anger
/home/ubuntu/cohn-kanade-images/S034,/home/ubuntu/cohn-kanade-images/S034/004,/home/ubuntu/cohn-kanade-images/S034/004/S034_004_00000037.png,
/home/ubuntu/cohn-kanade-images/S034,/home/ubuntu/cohn-kanade-images/S034/005,/home/ubuntu/cohn-kanade-images/S034/005/S034_005_00000010.png,happy
/home/ubuntu/cohn-kanade-images/S035,/home/ubuntu/cohn-kanade-images/S035/001,/home/ubuntu/cohn-kanade-images/S035/001/S035_001_00000015.png,surprise
/home/ubuntu/cohn-kanade-images/S035,/home/ubuntu/cohn-kanade-images/S035/002,/home/ubuntu/cohn-kanade-images/S035/002/S035_002_00000010.png,
/home/ubuntu/cohn-kanade-images/S035,/home/ubuntu/cohn-kanade-images/S035/003,/home/ubuntu/cohn-kanade-images/S035/003/S035_003_00000015.png,
/home/ubuntu/cohn-kanade-images/S035,/home/ubuntu/cohn-kanade-images/S035/004,/home/ubuntu/cohn-kanade-images/S035/004/S035_004_00000016.png,
/home/ubuntu/cohn-kanade-images/S035,/home/ubuntu/cohn-kanade-images/S035/005,/home/ubuntu/cohn-kanade-images/S035/005/S035_005_00000019.png,disgust
/home/ubuntu/cohn-kanade-images/S035,/home/ubuntu/cohn-kanade-images/S035/006,/home/ubuntu/cohn-kanade-images/S035/006/S035_006_00000018.png,happy
/home/ubuntu/cohn-kanade-images/S037,/home/ubuntu/cohn-kanade-images/S037/001,/home/ubuntu/cohn-kanade-images/S037/001/S037_001_00000020.png,surprise
/home/ubuntu/cohn-kanade-images/S037,/home/ubuntu/cohn-kanade-images/S037/002,/home/ubuntu/cohn-kanade-images/S037/002/S037_002_00000017.png,
/home/ubuntu/cohn-kanade-images/S037,/home/ubuntu/cohn-kanade-images/S037/003,/home/ubuntu/cohn-kanade-images/S037/003/S037_003_00000022.png,anger
/home/ubuntu/cohn-kanade-images/S037,/home/ubuntu/cohn-kanade-images/S037/004,/home/ubuntu/cohn-kanade-images/S037/004/S037_004_00000066.png,
/home/ubuntu/cohn-kanade-images/S037,/home/ubuntu/cohn-kanade-images/S037/005,/home/ubuntu/cohn-kanade-images/S037/005/S037_005_00000022.png,
/home/ubuntu/cohn-kanade-images/S037,/home/ubuntu/cohn-kanade-images/S037/006,/home/ubuntu/cohn-kanade-images/S037/006/S037_006_00000021.png,happy
/home/ubuntu/cohn-kanade-images/S042,/home/ubuntu/cohn-kanade-images/S042/001,/home/ubuntu/cohn-kanade-images/S042/001/S042_001_00000019.png,surprise
/home/ubuntu/cohn-kanade-images/S042,/home/ubuntu/cohn-kanade-images/S042/002,/home/ubuntu/cohn-kanade-images/S042/002/S042_002_00000016.png,sadness
/home/ubuntu/cohn-kanade-images/S042,/home/ubuntu/cohn-kanade-images/S042/003,/home/ubuntu/cohn-kanade-images/S042/003/S042_003_00000014.png,
/home/ubuntu/cohn-kanade-images/S042,/home/ubuntu/cohn-kanade-images/S042/004,/home/ubuntu/cohn-kanade-images/S042/004/S042_004_00000020.png,anger
/home/ubuntu/cohn-kanade-images/S042,/home/ubuntu/cohn-kanade-images/S042/005,/home/ubuntu/cohn-kanade-images/S042/005/S042_005_00000019.png,
/home/ubuntu/cohn-kanade-images/S042,/home/ubuntu/cohn-kanade-images/S042/006,/home/ubuntu/cohn-kanade-images/S042/006/S042_006_00000017.png,happy
/home/ubuntu/cohn-kanade-images/S044,/home/ubuntu/cohn-kanade-images/S044/001,/home/ubuntu/cohn-kanade-images/S044/001/S044_001_00000024.png,surprise
/home/ubuntu/cohn-kanade-images/S044,/home/ubuntu/cohn-kanade-images/S044/002,/home/ubuntu/cohn-kanade-images/S044/002/S044_002_00000018.png,
/home/ubuntu/cohn-kanade-images/S044,/home/ubuntu/cohn-kanade-images/S044/003,/home/ubuntu/cohn-kanade-images/S044/003/S044_003_00000014.png,happy
/home/ubuntu/cohn-kanade-images/S044,/home/ubuntu/cohn-kanade-images/S044/004,/home/ubuntu/cohn-kanade-images/S044/004/S044_004_00000029.png,
/home/ubuntu/cohn-kanade-images/S044,/home/ubuntu/cohn-kanade-images/S044/005,/home/ubuntu/cohn-kanade-images/S044/005/S044_005_00000029.png,
/home/ubuntu/cohn-kanade-images/S044,/home/ubuntu/cohn-kanade-images/S044/006,/home/ubuntu/cohn-kanade-images/S044/006/S044_006_00000019.png,disgust
/home/ubuntu/cohn-kanade-images/S045,/home/ubuntu/cohn-kanade-images/S045/001,/home/ubuntu/cohn-kanade-images/S045/001/S045_001_00000030.png,
/home/ubuntu/cohn-kanade-images/S045,/home/ubuntu/cohn-kanade-images/S045/002,/home/ubuntu/cohn-kanade-images/S045/002/S045_002_00000014.png,
/home/ubuntu/cohn-kanade-images/S045,/home/ubuntu/cohn-kanade-images/S045/003,/home/ubuntu/cohn-kanade-images/S045/003/S045_003_00000017.png,
/home/ubuntu/cohn-kanade-images/S045,/home/ubuntu/cohn-kanade-images/S045/004,/home/ubuntu/cohn-kanade-images/S045/004/S045_004_00000015.png,disgust
/home/ubuntu/cohn-kanade-images/S045,/home/ubuntu/cohn-kanade-images/S045/005,/home/ubuntu/cohn-kanade-images/S045/005/S045_005_00000030.png,anger
/home/ubuntu/cohn-kanade-images/S046,/home/ubuntu/cohn-kanade-images/S046/001,/home/ubuntu/cohn-kanade-images/S046/001/S046_001_00000025.png,sadness
/home/ubuntu/cohn-kanade-images/S046,/home/ubuntu/cohn-kanade-images/S046/002,/home/ubuntu/cohn-kanade-images/S046/002/S046_002_00000006.png,surprise
/home/ubuntu/cohn-kanade-images/S046,/home/ubuntu/cohn-kanade-images/S046/003,/home/ubuntu/cohn-kanade-images/S046/003/S046_003_00000016.png,fear
/home/ubuntu/cohn-kanade-images/S046,/home/ubuntu/cohn-kanade-images/S046/004,/home/ubuntu/cohn-kanade-images/S046/004/S046_004_00000017.png,disgust
/home/ubuntu/cohn-kanade-images/S046,/home/ubuntu/cohn-kanade-images/S046/005,/home/ubuntu/cohn-kanade-images/S046/005/S046_005_00000023.png,
/home/ubuntu/cohn-kanade-images/S050,/home/ubuntu/cohn-kanade-images/S050/001,/home/ubuntu/cohn-kanade-images/S050/001/S050_001_00000017.png,fear
/home/ubuntu/cohn-kanade-images/S050,/home/ubuntu/cohn-kanade-images/S050/002,/home/ubuntu/cohn-kanade-images/S050/002/S050_002_00000018.png,surprise
/home/ubuntu/cohn-kanade-images/S050,/home/ubuntu/cohn-kanade-images/S050/003,/home/ubuntu/cohn-kanade-images/S050/003/S050_003_00000021.png,
/home/ubuntu/cohn-kanade-images/S050,/home/ubuntu/cohn-kanade-images/S050/004,/home/ubuntu/cohn-kanade-images/S050/004/S050_004_00000021.png,anger
/home/ubuntu/cohn-kanade-images/S050,/home/ubuntu/cohn-kanade-images/S050/005,/home/ubuntu/cohn-kanade-images/S050/005/S050_005_00000013.png,
/home/ubuntu/cohn-kanade-images/S050,/home/ubuntu/cohn-kanade-images/S050/006,/home/ubuntu/cohn-kanade-images/S050/006/S050_006_00000023.png,happy
/home/ubuntu/cohn-kanade-images/S051,/home/ubuntu/cohn-kanade-images/S051/001,/home/ubuntu/cohn-kanade-images/S051/001/S051_001_00000024.png,
/home/ubuntu/cohn-kanade-images/S051,/home/ubuntu/cohn-kanade-images/S051/002,/home/ubuntu/cohn-kanade-images/S051/002/S051_002_00000019.png,surprise
/home/ubuntu/cohn-kanade-images/S051,/home/ubuntu/cohn-kanade-images/S051/003,/home/ubuntu/cohn-kanade-images/S051/003/S051_003_00000018.png,disgust
/home/ubuntu/cohn-kanade-images/S052,/home/ubuntu/cohn-kanade-images/S052/001,/home/ubuntu/cohn-kanade-images/S052/001/S052_001_00000015.png,surprise
/home/ubuntu/cohn-kanade-images/S052,/home/ubuntu/cohn-kanade-images/S052/002,/home/ubuntu/cohn-kanade-images/S052/002/S052_002_00000022.png,
/home/ubuntu/cohn-kanade-images/S052,/home/ubuntu/cohn-kanade-images/S052/003,/home/ubuntu/cohn-kanade-images/S052/003/S052_003_00000019.png,
/home/ubuntu/cohn-kanade-images/S052,/home/ubuntu/cohn-kanade-images/S052/004,/home/ubuntu/cohn-kanade-images/S052/004/S052_004_00000033.png,happy
/home/ubuntu/cohn-kanade-images/S052,/home/ubuntu/cohn-kanade-images/S052/006,/home/ubuntu/cohn-kanade-images/S052/006/S052_006_00000013.png,disgust
/home/ubuntu/cohn-kanade-images/S053,/home/ubuntu/cohn-kanade-images/S053/001,/home/ubuntu/cohn-kanade-images/S053/001/S053_001_00000023.png,surprise
/home/ubuntu/cohn-kanade-images/S053,/home/ubuntu/cohn-kanade-images/S053/003,/home/ubuntu/cohn-kanade-images/S053/003/S053_003_00000065.png,
/home/ubuntu/cohn-kanade-images/S053,/home/ubuntu/cohn-kanade-images/S053/004,/home/ubuntu/cohn-kanade-images/S053/004/S053_004_00000024.png,happy
/home/ubuntu/cohn-kanade-images/S054,/home/ubuntu/cohn-kanade-images/S054/001,/home/ubuntu/cohn-kanade-images/S054/001/S054_001_00000020.png,
/home/ubuntu/cohn-kanade-images/S054,/home/ubuntu/cohn-kanade-images/S054/002,/home/ubuntu/cohn-kanade-images/S054/002/S054_002_00000015.png,fear
/home/ubuntu/cohn-kanade-images/S054,/home/ubuntu/cohn-kanade-images/S054/003,/home/ubuntu/cohn-kanade-images/S054/003/S054_003_00000007.png,surprise
/home/ubuntu/cohn-kanade-images/S054,/home/ubuntu/cohn-kanade-images/S054/004,/home/ubuntu/cohn-kanade-images/S054/004/S054_004_00000024.png,disgust
/home/ubuntu/cohn-kanade-images/S055,/home/ubuntu/cohn-kanade-images/S055/001,/home/ubuntu/cohn-kanade-images/S055/001/S055_001_00000012.png,surprise
/home/ubuntu/cohn-kanade-images/S055,/home/ubuntu/cohn-kanade-images/S055/002,/home/ubuntu/cohn-kanade-images/S055/002/S055_002_00000025.png,
/home/ubuntu/cohn-kanade-images/S055,/home/ubuntu/cohn-kanade-images/S055/003,/home/ubuntu/cohn-kanade-images/S055/003/S055_003_00000009.png,disgust
/home/ubuntu/cohn-kanade-images/S055,/home/ubuntu/cohn-kanade-images/S055/004,/home/ubuntu/cohn-kanade-images/S055/004/S055_004_00000028.png,anger
/home/ubuntu/cohn-kanade-images/S055,/home/ubuntu/cohn-kanade-images/S055/005,/home/ubuntu/cohn-kanade-images/S055/005/S055_005_00000045.png,happy
/home/ubuntu/cohn-kanade-images/S055,/home/ubuntu/cohn-kanade-images/S055/006,/home/ubuntu/cohn-kanade-images/S055/006/S055_006_00000008.png,fear
/home/ubuntu/cohn-kanade-images/S056,/home/ubuntu/cohn-kanade-images/S056/001,/home/ubuntu/cohn-kanade-images/S056/001/S056_001_00000016.png,
/home/ubuntu/cohn-kanade-images/S056,/home/ubuntu/cohn-kanade-images/S056/002,/home/ubuntu/cohn-kanade-images/S056/002/S056_002_00000010.png,disgust
/home/ubuntu/cohn-kanade-images/S056,/home/ubuntu/cohn-kanade-images/S056/003,/home/ubuntu/cohn-kanade-images/S056/003/S056_003_00000010.png,surprise
/home/ubuntu/cohn-kanade-images/S056,/home/ubuntu/cohn-kanade-images/S056/004,/home/ubuntu/cohn-kanade-images/S056/004/S056_004_00000020.png,happy
/home/ubuntu/cohn-kanade-images/S057,/home/ubuntu/cohn-kanade-images/S057/001,/home/ubuntu/cohn-kanade-images/S057/001/S057_001_00000019.png,surprise
/home/ubuntu/cohn-kanade-images/S057,/home/ubuntu/cohn-kanade-images/S057/002,/home/ubuntu/cohn-kanade-images/S057/002/S057_002_00000015.png,
/home/ubuntu/cohn-kanade-images/S057,/home/ubuntu/cohn-kanade-images/S057/003,/home/ubuntu/cohn-kanade-images/S057/003/S057_003_00000015.png,disgust
/home/ubuntu/cohn-kanade-images/S057,/home/ubuntu/cohn-kanade-images/S057/004,/home/ubuntu/cohn-kanade-images/S057/004/S057_004_00000020.png,
/home/ubuntu/cohn-kanade-images/S057,/home/ubuntu/cohn-kanade-images/S057/005,/home/ubuntu/cohn-kanade-images/S057/005/S057_005_00000035.png,
/home/ubuntu/cohn-kanade-images/S057,/home/ubuntu/cohn-kanade-images/S057/006,/home/ubuntu/cohn-kanade-images/S057/006/S057_006_00000033.png,happy
/home/ubuntu/cohn-kanade-images/S058,/home/ubuntu/cohn-kanade-images/S058/001,/home/ubuntu/cohn-kanade-images/S058/001/S058_001_00000020.png,surprise
/home/ubuntu/cohn-kanade-images/S058,/home/ubuntu/cohn-kanade-images/S058/002,/home/ubuntu/cohn-kanade-images/S058/002/S058_002_00000022.png,
/home/ubuntu/cohn-kanade-images/S058,/home/ubuntu/cohn-kanade-images/S058/003,/home/ubuntu/cohn-kanade-images/S058/003/S058_003_00000015.png,
/home/ubuntu/cohn-kanade-images/S058,/home/ubuntu/cohn-kanade-images/S058/005,/home/ubuntu/cohn-kanade-images/S058/005/S058_005_00000010.png,anger
/home/ubuntu/cohn-kanade-images/S058,/home/ubuntu/cohn-kanade-images/S058/006,/home/ubuntu/cohn-kanade-images/S058/006/S058_006_00000018.png,disgust
/home/ubuntu/cohn-kanade-images/S059,/home/ubuntu/cohn-kanade-images/S059/001,/home/ubuntu/cohn-kanade-images/S059/001/S059_001_00000018.png,surprise
/home/ubuntu/cohn-kanade-images/S059,/home/ubuntu/cohn-kanade-images/S059/002,/home/ubuntu/cohn-kanade-images/S059/002/S059_002_00000017.png,fear
/home/ubuntu/cohn-kanade-images/S059,/home/ubuntu/cohn-kanade-images/S059/003,/home/ubuntu/cohn-kanade-images/S059/003/S059_003_00000036.png,
/home/ubuntu/cohn-kanade-images/S060,/home/ubuntu/cohn-kanade-images/S060/001,/home/ubuntu/cohn-kanade-images/S060/001/S060_001_00000020.png,
/home/ubuntu/cohn-kanade-images/S060,/home/ubuntu/cohn-kanade-images/S060/002,/home/ubuntu/cohn-kanade-images/S060/002/S060_002_00000026.png,happy
/home/ubuntu/cohn-kanade-images/S060,/home/ubuntu/cohn-kanade-images/S060/003,/home/ubuntu/cohn-kanade-images/S060/003/S060_003_00000018.png,surprise
/home/ubuntu/cohn-kanade-images/S060,/home/ubuntu/cohn-kanade-images/S060/005,/home/ubuntu/cohn-kanade-images/S060/005/S060_005_00000021.png,disgust
/home/ubuntu/cohn-kanade-images/S061,/home/ubuntu/cohn-kanade-images/S061/001,/home/ubuntu/cohn-kanade-images/S061/001/S061_001_00000012.png,surprise
/home/ubuntu/cohn-kanade-images/S061,/home/ubuntu/cohn-kanade-images/S061/002,/home/ubuntu/cohn-kanade-images/S061/002/S061_002_00000015.png,happy
/home/ubuntu/cohn-kanade-images/S061,/home/ubuntu/cohn-kanade-images/S061/004,/home/ubuntu/cohn-kanade-images/S061/004/S061_004_00000022.png,disgust
/home/ubuntu/cohn-kanade-images/S062,/home/ubuntu/cohn-kanade-images/S062/001,/home/ubuntu/cohn-kanade-images/S062/001/S062_001_00000017.png,fear
/home/ubuntu/cohn-kanade-images/S062,/home/ubuntu/cohn-kanade-images/S062/002,/home/ubuntu/cohn-kanade-images/S062/002/S062_002_00000016.png,surprise
/home/ubuntu/cohn-kanade-images/S062,/home/ubuntu/cohn-kanade-images/S062/003,/home/ubuntu/cohn-kanade-images/S062/003/S062_003_00000024.png,
/home/ubuntu/cohn-kanade-images/S062,/home/ubuntu/cohn-kanade-images/S062/004,/home/ubuntu/cohn-kanade-images/S062/004/S062_004_00000024.png,happy
/home/ubuntu/cohn-kanade-images/S062,/home/ubuntu/cohn-kanade-images/S062/005,/home/ubuntu/cohn-kanade-images/S062/005/S062_005_00000029.png,disgust
/home/ubuntu/cohn-kanade-images/S063,/home/ubuntu/cohn-kanade-images/S063/001,/home/ubuntu/cohn-kanade-images/S063/001/S063_001_00000013.png,surprise
/home/ubuntu/cohn-kanade-images/S063,/home/ubuntu/cohn-kanade-images/S063/002,/home/ubuntu/cohn-kanade-images/S063/002/S063_002_00000023.png,happy
/home/ubuntu/cohn-kanade-images/S064,/home/ubuntu/cohn-kanade-images/S064/001,/home/ubuntu/cohn-kanade-images/S064/001/S064_001_00000012.png,surprise
/home/ubuntu/cohn-kanade-images/S064,/home/ubuntu/cohn-kanade-images/S064/002,/home/ubuntu/cohn-kanade-images/S064/002/S064_002_00000029.png,
/home/ubuntu/cohn-kanade-images/S064,/home/ubuntu/cohn-kanade-images/S064/003,/home/ubuntu/cohn-kanade-images/S064/003/S064_003_00000025.png,happy
/home/ubuntu/cohn-kanade-images/S064,/home/ubuntu/cohn-kanade-images/S064/004,/home/ubuntu/cohn-kanade-images/S064/004/S064_004_00000014.png,sadness
/home/ubuntu/cohn-kanade-images/S065,/home/ubuntu/cohn-kanade-images/S065/001,/home/ubuntu/cohn-kanade-images/S065/001/S065_001_00000018.png,
/home/ubuntu/cohn-kanade-images/S065,/home/ubuntu/cohn-kanade-images/S065/002,/home/ubuntu/cohn-kanade-images/S065/002/S065_002_00000022.png,fear
/home/ubuntu/cohn-kanade-images/S065,/home/ubuntu/cohn-kanade-images/S065/003,/home/ubuntu/cohn-kanade-images/S065/003/S065_003_00000022.png,surprise
/home/ubuntu/cohn-kanade-images/S065,/home/ubuntu/cohn-kanade-images/S065/004,/home/ubuntu/cohn-kanade-images/S065/004/S065_004_00000028.png,happy
/home/ubuntu/cohn-kanade-images/S065,/home/ubuntu/cohn-kanade-images/S065/005,/home/ubuntu/cohn-kanade-images/S065/005/S065_005_00000008.png,disgust
/home/ubuntu/cohn-kanade-images/S066,/home/ubuntu/cohn-kanade-images/S066/001,/home/ubuntu/cohn-kanade-images/S066/001/S066_001_00000009.png,
/home/ubuntu/cohn-kanade-images/S066,/home/ubuntu/cohn-kanade-images/S066/002,/home/ubuntu/cohn-kanade-images/S066/002/S066_002_00000022.png,surprise
/home/ubuntu/cohn-kanade-images/S066,/home/ubuntu/cohn-kanade-images/S066/003,/home/ubuntu/cohn-kanade-images/S066/003/S066_003_00000012.png,happy
/home/ubuntu/cohn-kanade-images/S066,/home/ubuntu/cohn-kanade-images/S066/004,/home/ubuntu/cohn-kanade-images/S066/004/S066_004_00000010.png,sadness
/home/ubuntu/cohn-kanade-images/S066,/home/ubuntu/cohn-kanade-images/S066/005,/home/ubuntu/cohn-kanade-images/S066/005/S066_005_00000011.png,anger
/home/ubuntu/cohn-kanade-images/S067,/home/ubuntu/cohn-kanade-images/S067/001,/home/ubuntu/cohn-kanade-images/S067/001/S067_001_00000021.png,
/home/ubuntu/cohn-kanade-images/S067,/home/ubuntu/cohn-kanade-images/S067/002,/home/ubuntu/cohn-kanade-images/S067/002/S067_002_00000014.png,surprise
/home/ubuntu/cohn-kanade-images/S067,/home/ubuntu/cohn-kanade-images/S067/003,/home/ubuntu/cohn-kanade-images/S067/003/S067_003_00000018.png,
/home/ubuntu/cohn-kanade-images/S067,/home/ubuntu/cohn-kanade-images/S067/004,/home/ubuntu/cohn-kanade-images/S067/004/S067_004_00000023.png,anger
/home/ubuntu/cohn-kanade-images/S067,/home/ubuntu/cohn-kanade-images/S067/005,/home/ubuntu/cohn-kanade-images/S067/005/S067_005_00000022.png,happy
/home/ubuntu/cohn-kanade-images/S067,/home/ubuntu/cohn-kanade-images/S067/006,/home/ubuntu/cohn-kanade-images/S067/006/S067_006_00000011.png,disgust
/home/ubuntu/cohn-kanade-images/S068,/home/ubuntu/cohn-kanade-images/S068/001,/home/ubuntu/cohn-kanade-images/S068/001/S068_001_00000024.png,
/home/ubuntu/cohn-kanade-images/S068,/home/ubuntu/cohn-kanade-images/S068/002,/home/ubuntu/cohn-kanade-images/S068/002/S068_002_00000015.png,happy
/home/ubuntu/cohn-kanade-images/S068,/home/ubuntu/cohn-kanade-images/S068/003,/home/ubuntu/cohn-kanade-images/S068/003/S068_003_00000014.png,surprise
/home/ubuntu/cohn-kanade-images/S068,/home/ubuntu/cohn-kanade-images/S068/004,/home/ubuntu/cohn-kanade-images/S068/004/S068_004_00000010.png,fear
/home/ubuntu/cohn-kanade-images/S068,/home/ubuntu/cohn-kanade-images/S068/005,/home/ubuntu/cohn-kanade-images/S068/005/S068_005_00000021.png,disgust
/home/ubuntu/cohn-kanade-images/S069,/home/ubuntu/cohn-kanade-images/S069/001,/home/ubuntu/cohn-kanade-images/S069/001/S069_001_00000018.png,
/home/ubuntu/cohn-kanade-images/S069,/home/ubuntu/cohn-kanade-images/S069/002,/home/ubuntu/cohn-kanade-images/S069/002/S069_002_00000014.png,surprise
/home/ubuntu/cohn-kanade-images/S069,/home/ubuntu/cohn-kanade-images/S069/003,/home/ubuntu/cohn-kanade-images/S069/003/S069_003_00000011.png,disgust
/home/ubuntu/cohn-kanade-images/S069,/home/ubuntu/cohn-kanade-images/S069/004,/home/ubuntu/cohn-kanade-images/S069/004/S069_004_00000017.png,happy
/home/ubuntu/cohn-kanade-images/S069,/home/ubuntu/cohn-kanade-images/S069/005,/home/ubuntu/cohn-kanade-images/S069/005/S069_005_00000023.png,
/home/ubuntu/cohn-kanade-images/S070,/home/ubuntu/cohn-kanade-images/S070/001,/home/ubuntu/cohn-kanade-images/S070/001/S070_001_00000020.png,
/home/ubuntu/cohn-kanade-images/S070,/home/ubuntu/cohn-kanade-images/S070/002,/home/ubuntu/cohn-kanade-images/S070/002/S070_002_00000016.png,surprise
/home/ubuntu/cohn-kanade-images/S070,/home/ubuntu/cohn-kanade-images/S070/003,/home/ubuntu/cohn-kanade-images/S070/003/S070_003_00000017.png,happy
/home/ubuntu/cohn-kanade-images/S070,/home/ubuntu/cohn-kanade-images/S070/005,/home/ubuntu/cohn-kanade-images/S070/005/S070_005_00000016.png,disgust
/home/ubuntu/cohn-kanade-images/S071,/home/ubuntu/cohn-kanade-images/S071/001,/home/ubuntu/cohn-kanade-images/S071/001/S071_001_00000013.png,surprise
/home/ubuntu/cohn-kanade-images/S071,/home/ubuntu/cohn-kanade-images/S071/002,/home/ubuntu/cohn-kanade-images/S071/002/S071_002_00000020.png,sadness
/home/ubuntu/cohn-kanade-images/S071,/home/ubuntu/cohn-kanade-images/S071/003,/home/ubuntu/cohn-kanade-images/S071/003/S071_003_00000022.png,
/home/ubuntu/cohn-kanade-images/S071,/home/ubuntu/cohn-kanade-images/S071/004,/home/ubuntu/cohn-kanade-images/S071/004/S071_004_00000028.png,anger
/home/ubuntu/cohn-kanade-images/S071,/home/ubuntu/cohn-kanade-images/S071/005,/home/ubuntu/cohn-kanade-images/S071/005/S071_005_00000021.png,happy
/home/ubuntu/cohn-kanade-images/S071,/home/ubuntu/cohn-kanade-images/S071/006,/home/ubuntu/cohn-kanade-images/S071/006/S071_006_00000014.png,disgust
/home/ubuntu/cohn-kanade-images/S072,/home/ubuntu/cohn-kanade-images/S072/001,/home/ubuntu/cohn-kanade-images/S072/001/S072_001_00000017.png,
/home/ubuntu/cohn-kanade-images/S072,/home/ubuntu/cohn-kanade-images/S072/002,/home/ubuntu/cohn-kanade-images/S072/002/S072_002_00000016.png,
/home/ubuntu/cohn-kanade-images/S072,/home/ubuntu/cohn-kanade-images/S072/003,/home/ubuntu/cohn-kanade-images/S072/003/S072_003_00000013.png,
/home/ubuntu/cohn-kanade-images/S072,/home/ubuntu/cohn-kanade-images/S072/004,/home/ubuntu/cohn-kanade-images/S072/004/S072_004_00000008.png,
/home/ubuntu/cohn-kanade-images/S072,/home/ubuntu/cohn-kanade-images/S072/005,/home/ubuntu/cohn-kanade-images/S072/005/S072_005_00000019.png,anger
/home/ubuntu/cohn-kanade-images/S072,/home/ubuntu/cohn-kanade-images/S072/006,/home/ubuntu/cohn-kanade-images/S072/006/S072_006_00000022.png,happy
/home/ubuntu/cohn-kanade-images/S073,/home/ubuntu/cohn-kanade-images/S073/001,/home/ubuntu/cohn-kanade-images/S073/001/S073_001_00000013.png,surprise
/home/ubuntu/cohn-kanade-images/S073,/home/ubuntu/cohn-kanade-images/S073/002,/home/ubuntu/cohn-kanade-images/S073/002/S073_002_00000029.png,
/home/ubuntu/cohn-kanade-images/S073,/home/ubuntu/cohn-kanade-images/S073/003,/home/ubuntu/cohn-kanade-images/S073/003/S073_003_00000028.png,
/home/ubuntu/cohn-kanade-images/S073,/home/ubuntu/cohn-kanade-images/S073/004,/home/ubuntu/cohn-kanade-images/S073/004/S073_004_00000014.png,
/home/ubuntu/cohn-kanade-images/S073,/home/ubuntu/cohn-kanade-images/S073/005,/home/ubuntu/cohn-kanade-images/S073/005/S073_005_00000021.png,
/home/ubuntu/cohn-kanade-images/S073,/home/ubuntu/cohn-kanade-images/S073/006,/home/ubuntu/cohn-kanade-images/S073/006/S073_006_00000014.png,disgust
/home/ubuntu/cohn-kanade-images/S074,/home/ubuntu/cohn-kanade-images/S074/001,/home/ubuntu/cohn-kanade-images/S074/001/S074_001_00000020.png,fear
/home/ubuntu/cohn-kanade-images/S074,/home/ubuntu/cohn-kanade-images/S074/002,/home/ubuntu/cohn-kanade-images/S074/002/S074_002_00000016.png,surprise
/home/ubuntu/cohn-kanade-images/S074,/home/ubuntu/cohn-kanade-images/S074/003,/home/ubuntu/cohn-kanade-images/S074/003/S074_003_00000015.png,
/home/ubuntu/cohn-kanade-images/S074,/home/ubuntu/cohn-kanade-images/S074/004,/home/ubuntu/cohn-kanade-images/S074/004/S074_004_00000018.png,disgust
/home/ubuntu/cohn-kanade-images/S074,/home/ubuntu/cohn-kanade-images/S074/005,/home/ubuntu/cohn-kanade-images/S074/005/S074_005_00000043.png,happy
/home/ubuntu/cohn-kanade-images/S075,/home/ubuntu/cohn-kanade-images/S075/001,/home/ubuntu/cohn-kanade-images/S075/001/S075_001_00000013.png,
/home/ubuntu/cohn-kanade-images/S075,/home/ubuntu/cohn-kanade-images/S075/002,/home/ubuntu/cohn-kanade-images/S075/002/S075_002_00000014.png,surprise
/home/ubuntu/cohn-kanade-images/S075,/home/ubuntu/cohn-kanade-images/S075/003,/home/ubuntu/cohn-kanade-images/S075/003/S075_003_00000004.png,
/home/ubuntu/cohn-kanade-images/S075,/home/ubuntu/cohn-kanade-images/S075/004,/home/ubuntu/cohn-kanade-images/S075/004/S075_004_00000012.png,
/home/ubuntu/cohn-kanade-images/S075,/home/ubuntu/cohn-kanade-images/S075/005,/home/ubuntu/cohn-kanade-images/S075/005/S075_005_00000012.png,disgust
/home/ubuntu/cohn-kanade-images/S075,/home/ubuntu/cohn-kanade-images/S075/006,/home/ubuntu/cohn-kanade-images/S075/006/S075_006_00000025.png,happy
/home/ubuntu/cohn-kanade-images/S075,/home/ubuntu/cohn-kanade-images/S075/007,/home/ubuntu/cohn-kanade-images/S075/007/S075_007_00000022.png,
/home/ubuntu/cohn-kanade-images/S075,/home/ubuntu/cohn-kanade-images/S075/008,/home/ubuntu/cohn-kanade-images/S075/008/S075_008_00000012.png,anger
/home/ubuntu/cohn-kanade-images/S076,/home/ubuntu/cohn-kanade-images/S076/001,/home/ubuntu/cohn-kanade-images/S076/001/S076_001_00000017.png,surprise
/home/ubuntu/cohn-kanade-images/S076,/home/ubuntu/cohn-kanade-images/S076/002,/home/ubuntu/cohn-kanade-images/S076/002/S076_002_00000009.png,
/home/ubuntu/cohn-kanade-images/S076,/home/ubuntu/cohn-kanade-images/S076/003,/home/ubuntu/cohn-kanade-images/S076/003/S076_003_00000018.png,
/home/ubuntu/cohn-kanade-images/S076,/home/ubuntu/cohn-kanade-images/S076/004,/home/ubuntu/cohn-kanade-images/S076/004/S076_004_00000009.png,
/home/ubuntu/cohn-kanade-images/S076,/home/ubuntu/cohn-kanade-images/S076/005,/home/ubuntu/cohn-kanade-images/S076/005/S076_005_00000012.png,disgust
/home/ubuntu/cohn-kanade-images/S076,/home/ubuntu/cohn-kanade-images/S076/006,/home/ubuntu/cohn-kanade-images/S076/006/S076_006_00000019.png,happy
/home/ubuntu/cohn-kanade-images/S077,/home/ubuntu/cohn-kanade-images/S077/001,/home/ubuntu/cohn-kanade-images/S077/001/S077_001_00000028.png,surprise
/home/ubuntu/cohn-kanade-images/S077,/home/ubuntu/cohn-kanade-images/S077/002,/home/ubuntu/cohn-kanade-images/S077/002/S077_002_00000033.png,
/home/ubuntu/cohn-kanade-images/S077,/home/ubuntu/cohn-kanade-images/S077/003,/home/ubuntu/cohn-kanade-images/S077/003/S077_003_00000011.png,
/home/ubuntu/cohn-kanade-images/S077,/home/ubuntu/cohn-kanade-images/S077/004,/home/ubuntu/cohn-kanade-images/S077/004/S077_004_00000008.png,
/home/ubuntu/cohn-kanade-images/S077,/home/ubuntu/cohn-kanade-images/S077/005,/home/ubuntu/cohn-kanade-images/S077/005/S077_005_00000020.png,
/home/ubuntu/cohn-kanade-images/S077,/home/ubuntu/cohn-kanade-images/S077/006,/home/ubuntu/cohn-kanade-images/S077/006/S077_006_00000014.png,disgust
/home/ubuntu/cohn-kanade-images/S077,/home/ubuntu/cohn-kanade-images/S077/007,/home/ubuntu/cohn-kanade-images/S077/007/S077_007_00000029.png,
/home/ubuntu/cohn-kanade-images/S078,/home/ubuntu/cohn-kanade-images/S078/001,/home/ubuntu/cohn-kanade-images/S078/001/S078_001_00000033.png,surprise
/home/ubuntu/cohn-kanade-images/S078,/home/ubuntu/cohn-kanade-images/S078/002,/home/ubuntu/cohn-kanade-images/S078/002/S078_002_00000017.png,
/home/ubuntu/cohn-kanade-images/S078,/home/ubuntu/cohn-kanade-images/S078/003,/home/ubuntu/cohn-kanade-images/S078/003/S078_003_00000019.png,
/home/ubuntu/cohn-kanade-images/S078,/home/ubuntu/cohn-kanade-images/S078/004,/home/ubuntu/cohn-kanade-images/S078/004/S078_004_00000027.png,happy
/home/ubuntu/cohn-kanade-images/S078,/home/ubuntu/cohn-kanade-images/S078/005,/home/ubuntu/cohn-kanade-images/S078/005/S078_005_00000022.png,
/home/ubuntu/cohn-kanade-images/S078,/home/ubuntu/cohn-kanade-images/S078/006,/home/ubuntu/cohn-kanade-images/S078/006/S078_006_00000020.png,
/home/ubuntu/cohn-kanade-images/S078,/home/ubuntu/cohn-kanade-images/S078/007,/home/ubuntu/cohn-kanade-images/S078/007/S078_007_00000013.png,disgust
/home/ubuntu/cohn-kanade-images/S079,/home/ubuntu/cohn-kanade-images/S079/001,/home/ubuntu/cohn-kanade-images/S079/001/S079_001_00000012.png,surprise
/home/ubuntu/cohn-kanade-images/S079,/home/ubuntu/cohn-kanade-images/S079/002,/home/ubuntu/cohn-kanade-images/S079/002/S079_002_00000012.png,disgust
/home/ubuntu/cohn-kanade-images/S079,/home/ubuntu/cohn-kanade-images/S079/003,/home/ubuntu/cohn-kanade-images/S079/003/S079_003_00000016.png,
/home/ubuntu/cohn-kanade-images/S079,/home/ubuntu/cohn-kanade-images/S079/004,/home/ubuntu/cohn-kanade-images/S079/004/S079_004_00000026.png,happy
/home/ubuntu/cohn-kanade-images/S080,/home/ubuntu/cohn-kanade-images/S080/001,/home/ubuntu/cohn-kanade-images/S080/001/S080_001_00000018.png,surprise
/home/ubuntu/cohn-kanade-images/S080,/home/ubuntu/cohn-kanade-images/S080/002,/home/ubuntu/cohn-kanade-images/S080/002/S080_002_00000013.png,
/home/ubuntu/cohn-kanade-images/S080,/home/ubuntu/cohn-kanade-images/S080/003,/home/ubuntu/cohn-kanade-images/S080/003/S080_003_00000010.png,
/home/ubuntu/cohn-kanade-images/S080,/home/ubuntu/cohn-kanade-images/S080/004,/home/ubuntu/cohn-kanade-images/S080/004/S080_004_00000014.png,
/home/ubuntu/cohn-kanade-images/S080,/home/ubuntu/cohn-kanade-images/S080/005,/home/ubuntu/cohn-kanade-images/S080/005/S080_005_00000013.png,sadness
/home/ubuntu/cohn-kanade-images/S080,/home/ubuntu/cohn-kanade-images/S080/008,/home/ubuntu/cohn-kanade-images/S080/008/S080_008_00000009.png,disgust
/home/ubuntu/cohn-kanade-images/S081,/home/ubuntu/cohn-kanade-images/S081/001,/home/ubuntu/cohn-kanade-images/S081/001/S081_001_00000019.png,surprise
/home/ubuntu/cohn-kanade-images/S081,/home/ubuntu/cohn-kanade-images/S081/002,/home/ubuntu/cohn-kanade-images/S081/002/S081_002_00000024.png,sadness
/home/ubuntu/cohn-kanade-images/S081,/home/ubuntu/cohn-kanade-images/S081/003,/home/ubuntu/cohn-kanade-images/S081/003/S081_003_00000025.png,
/home/ubuntu/cohn-kanade-images/S081,/home/ubuntu/cohn-kanade-images/S081/004,/home/ubuntu/cohn-kanade-images/S081/004/S081_004_00000015.png,
/home/ubuntu/cohn-kanade-images/S081,/home/ubuntu/cohn-kanade-images/S081/005,/home/ubuntu/cohn-kanade-images/S081/005/S081_005_00000019.png,
/home/ubuntu/cohn-kanade-images/S081,/home/ubuntu/cohn-kanade-images/S081/008,/home/ubuntu/cohn-kanade-images/S081/008/S081_008_00000011.png,disgust
/home/ubuntu/cohn-kanade-images/S082,/home/ubuntu/cohn-kanade-images/S082/001,/home/ubuntu/cohn-kanade-images/S082/001/S082_001_00000015.png,surprise
/home/ubuntu/cohn-kanade-images/S082,/home/ubuntu/cohn-kanade-images/S082/002,/home/ubuntu/cohn-kanade-images/S082/002/S082_002_00000025.png,
/home/ubuntu/cohn-kanade-images/S082,/home/ubuntu/cohn-kanade-images/S082/003,/home/ubuntu/cohn-kanade-images/S082/003/S082_003_00000018.png,
/home/ubuntu/cohn-kanade-images/S082,/home/ubuntu/cohn-kanade-images/S082/004,/home/ubuntu/cohn-kanade-images/S082/004/S082_004_00000013.png,
/home/ubuntu/cohn-kanade-images/S082,/home/ubuntu/cohn-kanade-images/S082/005,/home/ubuntu/cohn-kanade-images/S082/005/S082_005_00000017.png,anger
/home/ubuntu/cohn-kanade-images/S082,/home/ubuntu/cohn-kanade-images/S082/006,/home/ubuntu/cohn-kanade-images/S082/006/S082_006_00000021.png,
/home/ubuntu/cohn-kanade-images/S082,/home/ubuntu/cohn-kanade-images/S082/007,/home/ubuntu/cohn-kanade-images/S082/007/S082_007_00000010.png,disgust
/home/ubuntu/cohn-kanade-images/S083,/home/ubuntu/cohn-kanade-images/S083/001,/home/ubuntu/cohn-kanade-images/S083/001/S083_001_00000018.png,
/home/ubuntu/cohn-kanade-images/S083,/home/ubuntu/cohn-kanade-images/S083/002,/home/ubuntu/cohn-kanade-images/S083/002/S083_002_00000012.png,
/home/ubuntu/cohn-kanade-images/S083,/home/ubuntu/cohn-kanade-images/S083/003,/home/ubuntu/cohn-kanade-images/S083/003/S083_003_00000019.png,happy
/home/ubuntu/cohn-kanade-images/S083,/home/ubuntu/cohn-kanade-images/S083/004,/home/ubuntu/cohn-kanade-images/S083/004/S083_004_00000010.png,
/home/ubuntu/cohn-kanade-images/S084,/home/ubuntu/cohn-kanade-images/S084/001,/home/ubuntu/cohn-kanade-images/S084/001/S084_001_00000010.png,surprise
/home/ubuntu/cohn-kanade-images/S084,/home/ubuntu/cohn-kanade-images/S084/002,/home/ubuntu/cohn-kanade-images/S084/002/S084_002_00000023.png,fear
/home/ubuntu/cohn-kanade-images/S084,/home/ubuntu/cohn-kanade-images/S084/004,/home/ubuntu/cohn-kanade-images/S084/004/S084_004_00000017.png,
/home/ubuntu/cohn-kanade-images/S085,/home/ubuntu/cohn-kanade-images/S085/001,/home/ubuntu/cohn-kanade-images/S085/001/S085_001_00000017.png,
/home/ubuntu/cohn-kanade-images/S085,/home/ubuntu/cohn-kanade-images/S085/002,/home/ubuntu/cohn-kanade-images/S085/002/S085_002_00000014.png,happy
/home/ubuntu/cohn-kanade-images/S085,/home/ubuntu/cohn-kanade-images/S085/003,/home/ubuntu/cohn-kanade-images/S085/003/S085_003_00000013.png,surprise
/home/ubuntu/cohn-kanade-images/S085,/home/ubuntu/cohn-kanade-images/S085/004,/home/ubuntu/cohn-kanade-images/S085/004/S085_004_00000017.png,disgust
/home/ubuntu/cohn-kanade-images/S086,/home/ubuntu/cohn-kanade-images/S086/001,/home/ubuntu/cohn-kanade-images/S086/001/S086_001_00000019.png,surprise
/home/ubuntu/cohn-kanade-images/S086,/home/ubuntu/cohn-kanade-images/S086/002,/home/ubuntu/cohn-kanade-images/S086/002/S086_002_00000015.png,happy
/home/ubuntu/cohn-kanade-images/S087,/home/ubuntu/cohn-kanade-images/S087/001,/home/ubuntu/cohn-kanade-images/S087/001/S087_001_00000011.png,surprise
/home/ubuntu/cohn-kanade-images/S087,/home/ubuntu/cohn-kanade-images/S087/002,/home/ubuntu/cohn-kanade-images/S087/002/S087_002_00000020.png,
/home/ubuntu/cohn-kanade-images/S087,/home/ubuntu/cohn-kanade-images/S087/003,/home/ubuntu/cohn-kanade-images/S087/003/S087_003_00000013.png,
/home/ubuntu/cohn-kanade-images/S087,/home/ubuntu/cohn-kanade-images/S087/004,/home/ubuntu/cohn-kanade-images/S087/004/S087_004_00000012.png,disgust
/home/ubuntu/cohn-kanade-images/S087,/home/ubuntu/cohn-kanade-images/S087/005,/home/ubuntu/cohn-kanade-images/S087/005/S087_005_00000012.png,happy
/home/ubuntu/cohn-kanade-images/S087,/home/ubuntu/cohn-kanade-images/S087/006,/home/ubuntu/cohn-kanade-images/S087/006/S087_006_00000012.png,
/home/ubuntu/cohn-kanade-images/S087,/home/ubuntu/cohn-kanade-images/S087/007,/home/ubuntu/cohn-kanade-images/S087/007/S087_007_00000016.png,anger
/home/ubuntu/cohn-kanade-images/S088,/home/ubuntu/cohn-kanade-images/S088/001,/home/ubuntu/cohn-kanade-images/S088/001/S088_001_00000017.png,surprise
/home/ubuntu/cohn-kanade-images/S088,/home/ubuntu/cohn-kanade-images/S088/002,/home/ubuntu/cohn-kanade-images/S088/002/S088_002_00000017.png,
/home/ubuntu/cohn-kanade-images/S088,/home/ubuntu/cohn-kanade-images/S088/003,/home/ubuntu/cohn-kanade-images/S088/003/S088_003_00000018.png,
/home/ubuntu/cohn-kanade-images/S088,/home/ubuntu/cohn-kanade-images/S088/004,/home/ubuntu/cohn-kanade-images/S088/004/S088_004_00000020.png,disgust
/home/ubuntu/cohn-kanade-images/S089,/home/ubuntu/cohn-kanade-images/S089/001,/home/ubuntu/cohn-kanade-images/S089/001/S089_001_00000016.png,surprise
/home/ubuntu/cohn-kanade-images/S089,/home/ubuntu/cohn-kanade-images/S089/002,/home/ubuntu/cohn-kanade-images/S089/002/S089_002_00000021.png,happy
/home/ubuntu/cohn-kanade-images/S089,/home/ubuntu/cohn-kanade-images/S089/003,/home/ubuntu/cohn-kanade-images/S089/003/S089_003_00000036.png,anger
/home/ubuntu/cohn-kanade-images/S090,/home/ubuntu/cohn-kanade-images/S090/002,/home/ubuntu/cohn-kanade-images/S090/002/S090_002_00000011.png,surprise
/home/ubuntu/cohn-kanade-images/S090,/home/ubuntu/cohn-kanade-images/S090/006,/home/ubuntu/cohn-kanade-images/S090/006/S090_006_00000011.png,disgust
/home/ubuntu/cohn-kanade-images/S090,/home/ubuntu/cohn-kanade-images/S090/007,/home/ubuntu/cohn-kanade-images/S090/007/S090_007_00000014.png,anger
/home/ubuntu/cohn-kanade-images/S091,/home/ubuntu/cohn-kanade-images/S091/001,/home/ubuntu/cohn-kanade-images/S091/001/S091_001_00000015.png,fear
/home/ubuntu/cohn-kanade-images/S091,/home/ubuntu/cohn-kanade-images/S091/002,/home/ubuntu/cohn-kanade-images/S091/002/S091_002_00000007.png,
/home/ubuntu/cohn-kanade-images/S091,/home/ubuntu/cohn-kanade-images/S091/003,/home/ubuntu/cohn-kanade-images/S091/003/S091_003_00000021.png,happy
/home/ubuntu/cohn-kanade-images/S092,/home/ubuntu/cohn-kanade-images/S092/001,/home/ubuntu/cohn-kanade-images/S092/001/S092_001_00000017.png,surprise
/home/ubuntu/cohn-kanade-images/S092,/home/ubuntu/cohn-kanade-images/S092/002,/home/ubuntu/cohn-kanade-images/S092/002/S092_002_00000011.png,
/home/ubuntu/cohn-kanade-images/S092,/home/ubuntu/cohn-kanade-images/S092/003,/home/ubuntu/cohn-kanade-images/S092/003/S092_003_00000014.png,anger
/home/ubuntu/cohn-kanade-images/S092,/home/ubuntu/cohn-kanade-images/S092/004,/home/ubuntu/cohn-kanade-images/S092/004/S092_004_00000024.png,happy
/home/ubuntu/cohn-kanade-images/S093,/home/ubuntu/cohn-kanade-images/S093/001,/home/ubuntu/cohn-kanade-images/S093/001/S093_001_00000020.png,sadness
/home/ubuntu/cohn-kanade-images/S093,/home/ubuntu/cohn-kanade-images/S093/002,/home/ubuntu/cohn-kanade-images/S093/002/S093_002_00000024.png,
/home/ubuntu/cohn-kanade-images/S093,/home/ubuntu/cohn-kanade-images/S093/003,/home/ubuntu/cohn-kanade-images/S093/003/S093_003_00000012.png,
/home/ubuntu/cohn-kanade-images/S093,/home/ubuntu/cohn-kanade-images/S093/004,/home/ubuntu/cohn-kanade-images/S093/004/S093_004_00000016.png,happy
/home/ubuntu/cohn-kanade-images/S094,/home/ubuntu/cohn-kanade-images/S094/001,/home/ubuntu/cohn-kanade-images/S094/001/S094_001_00000010.png,surprise
/home/ubuntu/cohn-kanade-images/S094,/home/ubuntu/cohn-kanade-images/S094/003,/home/ubuntu/cohn-kanade-images/S094/003/S094_003_00000013.png,
/home/ubuntu/cohn-kanade-images/S094,/home/ubuntu/cohn-kanade-images/S094/004,/home/ubuntu/cohn-kanade-images/S094/004/S094_004_00000012.png,happy
/home/ubuntu/cohn-kanade-images/S095,/home/ubuntu/cohn-kanade-images/S095/001,/home/ubuntu/cohn-kanade-images/S095/001/S095_001_00000016.png,surprise
/home/ubuntu/cohn-kanade-images/S095,/home/ubuntu/cohn-kanade-images/S095/002,/home/ubuntu/cohn-kanade-images/S095/002/S095_002_00000015.png,
/home/ubuntu/cohn-kanade-images/S095,/home/ubuntu/cohn-kanade-images/S095/003,/home/ubuntu/cohn-kanade-images/S095/003/S095_003_00000011.png,
/home/ubuntu/cohn-kanade-images/S095,/home/ubuntu/cohn-kanade-images/S095/004,/home/ubuntu/cohn-kanade-images/S095/004/S095_004_00000014.png,
/home/ubuntu/cohn-kanade-images/S095,/home/ubuntu/cohn-kanade-images/S095/005,/home/ubuntu/cohn-kanade-images/S095/005/S095_005_00000016.png,
/home/ubuntu/cohn-kanade-images/S095,/home/ubuntu/cohn-kanade-images/S095/006,/home/ubuntu/cohn-kanade-images/S095/006/S095_006_00000013.png,disgust
/home/ubuntu/cohn-kanade-images/S095,/home/ubuntu/cohn-kanade-images/S095/007,/home/ubuntu/cohn-kanade-images/S095/007/S095_007_00000021.png,happy
/home/ubuntu/cohn-kanade-images/S095,/home/ubuntu/cohn-kanade-images/S095/010,/home/ubuntu/cohn-kanade-images/S095/010/S095_010_00000014.png,sadness
/home/ubuntu/cohn-kanade-images/S096,/home/ubuntu/cohn-kanade-images/S096/001,/home/ubuntu/cohn-kanade-images/S096/001/S096_001_00000007.png,surprise
/home/ubuntu/cohn-kanade-images/S096,/home/ubuntu/cohn-kanade-images/S096/002,/home/ubuntu/cohn-kanade-images/S096/002/S096_002_00000006.png,
/home/ubuntu/cohn-kanade-images/S096,/home/ubuntu/cohn-kanade-images/S096/003,/home/ubuntu/cohn-kanade-images/S096/003/S096_003_00000012.png,disgust
/home/ubuntu/cohn-kanade-images/S096,/home/ubuntu/cohn-kanade-images/S096/004,/home/ubuntu/cohn-kanade-images/S096/004/S096_004_00000011.png,happy
/home/ubuntu/cohn-kanade-images/S097,/home/ubuntu/cohn-kanade-images/S097/001,/home/ubuntu/cohn-kanade-images/S097/001/S097_001_00000021.png,surprise
/home/ubuntu/cohn-kanade-images/S097,/home/ubuntu/cohn-kanade-images/S097/002,/home/ubuntu/cohn-kanade-images/S097/002/S097_002_00000009.png,
/home/ubuntu/cohn-kanade-images/S097,/home/ubuntu/cohn-kanade-images/S097/003,/home/ubuntu/cohn-kanade-images/S097/003/S097_003_00000053.png,
/home/ubuntu/cohn-kanade-images/S097,/home/ubuntu/cohn-kanade-images/S097/004,/home/ubuntu/cohn-kanade-images/S097/004/S097_004_00000030.png,disgust
/home/ubuntu/cohn-kanade-images/S097,/home/ubuntu/cohn-kanade-images/S097/005,/home/ubuntu/cohn-kanade-images/S097/005/S097_005_00000010.png,
/home/ubuntu/cohn-kanade-images/S097,/home/ubuntu/cohn-kanade-images/S097/006,/home/ubuntu/cohn-kanade-images/S097/006/S097_006_00000019.png,happy
/home/ubuntu/cohn-kanade-images/S098,/home/ubuntu/cohn-kanade-images/S098/001,/home/ubuntu/cohn-kanade-images/S098/001/S098_001_00000028.png,
/home/ubuntu/cohn-kanade-images/S098,/home/ubuntu/cohn-kanade-images/S098/002,/home/ubuntu/cohn-kanade-images/S098/002/S098_002_00000010.png,
/home/ubuntu/cohn-kanade-images/S098,/home/ubuntu/cohn-kanade-images/S098/003,/home/ubuntu/cohn-kanade-images/S098/003/S098_003_00000013.png,disgust
/home/ubuntu/cohn-kanade-images/S098,/home/ubuntu/cohn-kanade-images/S098/004,/home/ubuntu/cohn-kanade-images/S098/004/S098_004_00000015.png,happy
/home/ubuntu/cohn-kanade-images/S099,/home/ubuntu/cohn-kanade-images/S099/001,/home/ubuntu/cohn-kanade-images/S099/001/S099_001_00000014.png,surprise
/home/ubuntu/cohn-kanade-images/S099,/home/ubuntu/cohn-kanade-images/S099/002,/home/ubuntu/cohn-kanade-images/S099/002/S099_002_00000020.png,
/home/ubuntu/cohn-kanade-images/S099,/home/ubuntu/cohn-kanade-images/S099/003,/home/ubuntu/cohn-kanade-images/S099/003/S099_003_00000014.png,
/home/ubuntu/cohn-kanade-images/S099,/home/ubuntu/cohn-kanade-images/S099/004,/home/ubuntu/cohn-kanade-images/S099/004/S099_004_00000015.png,happy
/home/ubuntu/cohn-kanade-images/S099,/home/ubuntu/cohn-kanade-images/S099/007,/home/ubuntu/cohn-kanade-images/S099/007/S099_007_00000012.png,disgust
/home/ubuntu/cohn-kanade-images/S100,/home/ubuntu/cohn-kanade-images/S100/001,/home/ubuntu/cohn-kanade-images/S100/001/S100_001_00000014.png,
/home/ubuntu/cohn-kanade-images/S100,/home/ubuntu/cohn-kanade-images/S100/002,/home/ubuntu/cohn-kanade-images/S100/002/S100_002_00000015.png,surprise
/home/ubuntu/cohn-kanade-images/S100,/home/ubuntu/cohn-kanade-images/S100/003,/home/ubuntu/cohn-kanade-images/S100/003/S100_003_00000013.png,
/home/ubuntu/cohn-kanade-images/S100,/home/ubuntu/cohn-kanade-images/S100/004,/home/ubuntu/cohn-kanade-images/S100/004/S100_004_00000005.png,
/home/ubuntu/cohn-kanade-images/S100,/home/ubuntu/cohn-kanade-images/S100/005,/home/ubuntu/cohn-kanade-images/S100/005/S100_005_00000023.png,anger
/home/ubuntu/cohn-kanade-images/S100,/home/ubuntu/cohn-kanade-images/S100/006,/home/ubuntu/cohn-kanade-images/S100/006/S100_006_00000016.png,happy
/home/ubuntu/cohn-kanade-images/S101,/home/ubuntu/cohn-kanade-images/S101/001,/home/ubuntu/cohn-kanade-images/S101/001/S101_001_00000017.png,
/home/ubuntu/cohn-kanade-images/S101,/home/ubuntu/cohn-kanade-images/S101/002,/home/ubuntu/cohn-kanade-images/S101/002/S101_002_00000019.png,surprise
/home/ubuntu/cohn-kanade-images/S101,/home/ubuntu/cohn-kanade-images/S101/003,/home/ubuntu/cohn-kanade-images/S101/003/S101_003_00000025.png,
/home/ubuntu/cohn-kanade-images/S101,/home/ubuntu/cohn-kanade-images/S101/004,/home/ubuntu/cohn-kanade-images/S101/004/S101_004_00000018.png,
/home/ubuntu/cohn-kanade-images/S101,/home/ubuntu/cohn-kanade-images/S101/005,/home/ubuntu/cohn-kanade-images/S101/005/S101_005_00000006.png,
/home/ubuntu/cohn-kanade-images/S102,/home/ubuntu/cohn-kanade-images/S102/001,/home/ubuntu/cohn-kanade-images/S102/001/S102_001_00000016.png,
/home/ubuntu/cohn-kanade-images/S102,/home/ubuntu/cohn-kanade-images/S102/002,/home/ubuntu/cohn-kanade-images/S102/002/S102_002_00000018.png,surprise
/home/ubuntu/cohn-kanade-images/S102,/home/ubuntu/cohn-kanade-images/S102/003,/home/ubuntu/cohn-kanade-images/S102/003/S102_003_00000016.png,fear
/home/ubuntu/cohn-kanade-images/S102,/home/ubuntu/cohn-kanade-images/S102/004,/home/ubuntu/cohn-kanade-images/S102/004/S102_004_00000023.png,
/home/ubuntu/cohn-kanade-images/S102,/home/ubuntu/cohn-kanade-images/S102/005,/home/ubuntu/cohn-kanade-images/S102/005/S102_005_00000009.png,
/home/ubuntu/cohn-kanade-images/S102,/home/ubuntu/cohn-kanade-images/S102/006,/home/ubuntu/cohn-kanade-images/S102/006/S102_006_00000015.png,
/home/ubuntu/cohn-kanade-images/S102,/home/ubuntu/cohn-kanade-images/S102/007,/home/ubuntu/cohn-kanade-images/S102/007/S102_007_00000015.png,
/home/ubuntu/cohn-kanade-images/S102,/home/ubuntu/cohn-kanade-images/S102/008,/home/ubuntu/cohn-kanade-images/S102/008/S102_008_00000029.png,
/home/ubuntu/cohn-kanade-images/S102,/home/ubuntu/cohn-kanade-images/S102/009,/home/ubuntu/cohn-kanade-images/S102/009/S102_009_00000015.png,disgust
/home/ubuntu/cohn-kanade-images/S103,/home/ubuntu/cohn-kanade-images/S103/001,/home/ubuntu/cohn-kanade-images/S103/001/S103_001_00000016.png,
/home/ubuntu/cohn-kanade-images/S103,/home/ubuntu/cohn-kanade-images/S103/002,/home/ubuntu/cohn-kanade-images/S103/002/S103_002_00000026.png,
/home/ubuntu/cohn-kanade-images/S103,/home/ubuntu/cohn-kanade-images/S103/003,/home/ubuntu/cohn-kanade-images/S103/003/S103_003_00000024.png,
/home/ubuntu/cohn-kanade-images/S103,/home/ubuntu/cohn-kanade-images/S103/006,/home/ubuntu/cohn-kanade-images/S103/006/S103_006_00000016.png,
/home/ubuntu/cohn-kanade-images/S103,/home/ubuntu/cohn-kanade-images/S103/007,/home/ubuntu/cohn-kanade-images/S103/007/S103_007_00000023.png,
/home/ubuntu/cohn-kanade-images/S103,/home/ubuntu/cohn-kanade-images/S103/008,/home/ubuntu/cohn-kanade-images/S103/008/S103_008_00000015.png,
/home/ubuntu/cohn-kanade-images/S104,/home/ubuntu/cohn-kanade-images/S104/001,/home/ubuntu/cohn-kanade-images/S104/001/S104_001_00000028.png,
/home/ubuntu/cohn-kanade-images/S104,/home/ubuntu/cohn-kanade-images/S104/002,/home/ubuntu/cohn-kanade-images/S104/002/S104_002_00000023.png,
/home/ubuntu/cohn-kanade-images/S104,/home/ubuntu/cohn-kanade-images/S104/003,/home/ubuntu/cohn-kanade-images/S104/003/S104_003_00000012.png,
/home/ubuntu/cohn-kanade-images/S105,/home/ubuntu/cohn-kanade-images/S105/001,/home/ubuntu/cohn-kanade-images/S105/001/S105_001_00000014.png,
/home/ubuntu/cohn-kanade-images/S105,/home/ubuntu/cohn-kanade-images/S105/002,/home/ubuntu/cohn-kanade-images/S105/002/S105_002_00000024.png,
/home/ubuntu/cohn-kanade-images/S105,/home/ubuntu/cohn-kanade-images/S105/003,/home/ubuntu/cohn-kanade-images/S105/003/S105_003_00000022.png,
/home/ubuntu/cohn-kanade-images/S105,/home/ubuntu/cohn-kanade-images/S105/004,/home/ubuntu/cohn-kanade-images/S105/004/S105_004_00000027.png,
/home/ubuntu/cohn-kanade-images/S105,/home/ubuntu/cohn-kanade-images/S105/005,/home/ubuntu/cohn-kanade-images/S105/005/S105_005_00000012.png,
/home/ubuntu/cohn-kanade-images/S105,/home/ubuntu/cohn-kanade-images/S105/006,/home/ubuntu/cohn-kanade-images/S105/006/S105_006_00000021.png,
/home/ubuntu/cohn-kanade-images/S105,/home/ubuntu/cohn-kanade-images/S105/007,/home/ubuntu/cohn-kanade-images/S105/007/S105_007_00000030.png,
/home/ubuntu/cohn-kanade-images/S105,/home/ubuntu/cohn-kanade-images/S105/008,/home/ubuntu/cohn-kanade-images/S105/008/S105_008_00000010.png,disgust
/home/ubuntu/cohn-kanade-images/S106,/home/ubuntu/cohn-kanade-images/S106/001,/home/ubuntu/cohn-kanade-images/S106/001/S106_001_00000018.png,
/home/ubuntu/cohn-kanade-images/S106,/home/ubuntu/cohn-kanade-images/S106/002,/home/ubuntu/cohn-kanade-images/S106/002/S106_002_00000016.png,sadness
/home/ubuntu/cohn-kanade-images/S106,/home/ubuntu/cohn-kanade-images/S106/003,/home/ubuntu/cohn-kanade-images/S106/003/S106_003_00000012.png,
/home/ubuntu/cohn-kanade-images/S106,/home/ubuntu/cohn-kanade-images/S106/004,/home/ubuntu/cohn-kanade-images/S106/004/S106_004_00000008.png,disgust
/home/ubuntu/cohn-kanade-images/S106,/home/ubuntu/cohn-kanade-images/S106/005,/home/ubuntu/cohn-kanade-images/S106/005/S106_005_00000035.png,
/home/ubuntu/cohn-kanade-images/S106,/home/ubuntu/cohn-kanade-images/S106/006,/home/ubuntu/cohn-kanade-images/S106/006/S106_006_00000011.png,happy
/home/ubuntu/cohn-kanade-images/S106,/home/ubuntu/cohn-kanade-images/S106/007,/home/ubuntu/cohn-kanade-images/S106/007/S106_007_00000016.png,
/home/ubuntu/cohn-kanade-images/S107,/home/ubuntu/cohn-kanade-images/S107/001,/home/ubuntu/cohn-kanade-images/S107/001/S107_001_00000010.png,surprise
/home/ubuntu/cohn-kanade-images/S107,/home/ubuntu/cohn-kanade-images/S107/002,/home/ubuntu/cohn-kanade-images/S107/002/S107_002_00000017.png,
/home/ubuntu/cohn-kanade-images/S107,/home/ubuntu/cohn-kanade-images/S107/003,/home/ubuntu/cohn-kanade-images/S107/003/S107_003_00000021.png,
/home/ubuntu/cohn-kanade-images/S107,/home/ubuntu/cohn-kanade-images/S107/004,/home/ubuntu/cohn-kanade-images/S107/004/S107_004_00000011.png,
/home/ubuntu/cohn-kanade-images/S107,/home/ubuntu/cohn-kanade-images/S107/005,/home/ubuntu/cohn-kanade-images/S107/005/S107_005_00000011.png,disgust
/home/ubuntu/cohn-kanade-images/S107,/home/ubuntu/cohn-kanade-images/S107/006,/home/ubuntu/cohn-kanade-images/S107/006/S107_006_00000009.png,
/home/ubuntu/cohn-kanade-images/S108,/home/ubuntu/cohn-kanade-images/S108/002,/home/ubuntu/cohn-kanade-images/S108/002/S108_002_00000017.png,
/home/ubuntu/cohn-kanade-images/S108,/home/ubuntu/cohn-kanade-images/S108/003,/home/ubuntu/cohn-kanade-images/S108/003/S108_003_00000015.png,
/home/ubuntu/cohn-kanade-images/S108,/home/ubuntu/cohn-kanade-images/S108/004,/home/ubuntu/cohn-kanade-images/S108/004/S108_004_00000019.png,
/home/ubuntu/cohn-kanade-images/S108,/home/ubuntu/cohn-kanade-images/S108/005,/home/ubuntu/cohn-kanade-images/S108/005/S108_005_00000022.png,sadness
/home/ubuntu/cohn-kanade-images/S108,/home/ubuntu/cohn-kanade-images/S108/006,/home/ubuntu/cohn-kanade-images/S108/006/S108_006_00000020.png,disgust
/home/ubuntu/cohn-kanade-images/S108,/home/ubuntu/cohn-kanade-images/S108/007,/home/ubuntu/cohn-kanade-images/S108/007/S108_007_00000008.png,
/home/ubuntu/cohn-kanade-images/S108,/home/ubuntu/cohn-kanade-images/S108/008,/home/ubuntu/cohn-kanade-images/S108/008/S108_008_00000013.png,happy
/home/ubuntu/cohn-kanade-images/S109,/home/ubuntu/cohn-kanade-images/S109/001,/home/ubuntu/cohn-kanade-images/S109/001/S109_001_00000021.png,
/home/ubuntu/cohn-kanade-images/S109,/home/ubuntu/cohn-kanade-images/S109/002,/home/ubuntu/cohn-kanade-images/S109/002/S109_002_00000007.png,
/home/ubuntu/cohn-kanade-images/S109,/home/ubuntu/cohn-kanade-images/S109/003,/home/ubuntu/cohn-kanade-images/S109/003/S109_003_00000017.png,anger
/home/ubuntu/cohn-kanade-images/S109,/home/ubuntu/cohn-kanade-images/S109/004,/home/ubuntu/cohn-kanade-images/S109/004/S109_004_00000013.png,
/home/ubuntu/cohn-kanade-images/S109,/home/ubuntu/cohn-kanade-images/S109/005,/home/ubuntu/cohn-kanade-images/S109/005/S109_005_00000014.png,disgust
/home/ubuntu/cohn-kanade-images/S109,/home/ubuntu/cohn-kanade-images/S109/006,/home/ubuntu/cohn-kanade-images/S109/006/S109_006_00000015.png,happy
/home/ubuntu/cohn-kanade-images/S110,/home/ubuntu/cohn-kanade-images/S110/001,/home/ubuntu/cohn-kanade-images/S110/001/S110_001_00000013.png,surprise
/home/ubuntu/cohn-kanade-images/S110,/home/ubuntu/cohn-kanade-images/S110/002,/home/ubuntu/cohn-kanade-images/S110/002/S110_002_00000023.png,
/home/ubuntu/cohn-kanade-images/S110,/home/ubuntu/cohn-kanade-images/S110/003,/home/ubuntu/cohn-kanade-images/S110/003/S110_003_00000013.png,
/home/ubuntu/cohn-kanade-images/S110,/home/ubuntu/cohn-kanade-images/S110/004,/home/ubuntu/cohn-kanade-images/S110/004/S110_004_00000009.png,
/home/ubuntu/cohn-kanade-images/S110,/home/ubuntu/cohn-kanade-images/S110/005,/home/ubuntu/cohn-kanade-images/S110/005/S110_005_00000024.png,
/home/ubuntu/cohn-kanade-images/S110,/home/ubuntu/cohn-kanade-images/S110/006,/home/ubuntu/cohn-kanade-images/S110/006/S110_006_00000027.png,
/home/ubuntu/cohn-kanade-images/S110,/home/ubuntu/cohn-kanade-images/S110/007,/home/ubuntu/cohn-kanade-images/S110/007/S110_007_00000029.png,
/home/ubuntu/cohn-kanade-images/S111,/home/ubuntu/cohn-kanade-images/S111/001,/home/ubuntu/cohn-kanade-images/S111/001/S111_001_00000014.png,surprise
/home/ubuntu/cohn-kanade-images/S111,/home/ubuntu/cohn-kanade-images/S111/002,/home/ubuntu/cohn-kanade-images/S111/002/S111_002_00000015.png,
/home/ubuntu/cohn-kanade-images/S111,/home/ubuntu/cohn-kanade-images/S111/003,/home/ubuntu/cohn-kanade-images/S111/003/S111_003_00000012.png,
/home/ubuntu/cohn-kanade-images/S111,/home/ubuntu/cohn-kanade-images/S111/004,/home/ubuntu/cohn-kanade-images/S111/004/S111_004_00000010.png,
/home/ubuntu/cohn-kanade-images/S111,/home/ubuntu/cohn-kanade-images/S111/005,/home/ubuntu/cohn-kanade-images/S111/005/S111_005_00000011.png,
/home/ubuntu/cohn-kanade-images/S111,/home/ubuntu/cohn-kanade-images/S111/006,/home/ubuntu/cohn-kanade-images/S111/006/S111_006_00000010.png,anger
/home/ubuntu/cohn-kanade-images/S111,/home/ubuntu/cohn-kanade-images/S111/007,/home/ubuntu/cohn-kanade-images/S111/007/S111_007_00000014.png,disgust
/home/ubuntu/cohn-kanade-images/S112,/home/ubuntu/cohn-kanade-images/S112/001,/home/ubuntu/cohn-kanade-images/S112/001/S112_001_00000022.png,
/home/ubuntu/cohn-kanade-images/S112,/home/ubuntu/cohn-kanade-images/S112/002,/home/ubuntu/cohn-kanade-images/S112/002/S112_002_00000014.png,
/home/ubuntu/cohn-kanade-images/S112,/home/ubuntu/cohn-kanade-images/S112/003,/home/ubuntu/cohn-kanade-images/S112/003/S112_003_00000014.png,
/home/ubuntu/cohn-kanade-images/S112,/home/ubuntu/cohn-kanade-images/S112/004,/home/ubuntu/cohn-kanade-images/S112/004/S112_004_00000016.png,
/home/ubuntu/cohn-kanade-images/S112,/home/ubuntu/cohn-kanade-images/S112/005,/home/ubuntu/cohn-kanade-images/S112/005/S112_005_00000017.png,anger
/home/ubuntu/cohn-kanade-images/S113,/home/ubuntu/cohn-kanade-images/S113/001,/home/ubuntu/cohn-kanade-images/S113/001/S113_001_00000012.png,surprise
/home/ubuntu/cohn-kanade-images/S113,/home/ubuntu/cohn-kanade-images/S113/002,/home/ubuntu/cohn-kanade-images/S113/002/S113_002_00000019.png,
/home/ubuntu/cohn-kanade-images/S113,/home/ubuntu/cohn-kanade-images/S113/003,/home/ubuntu/cohn-kanade-images/S113/003/S113_003_00000015.png,sadness
/home/ubuntu/cohn-kanade-images/S113,/home/ubuntu/cohn-kanade-images/S113/004,/home/ubuntu/cohn-kanade-images/S113/004/S113_004_00000023.png,
/home/ubuntu/cohn-kanade-images/S113,/home/ubuntu/cohn-kanade-images/S113/005,/home/ubuntu/cohn-kanade-images/S113/005/S113_005_00000008.png,
/home/ubuntu/cohn-kanade-images/S113,/home/ubuntu/cohn-kanade-images/S113/006,/home/ubuntu/cohn-kanade-images/S113/006/S113_006_00000021.png,
/home/ubuntu/cohn-kanade-images/S113,/home/ubuntu/cohn-kanade-images/S113/007,/home/ubuntu/cohn-kanade-images/S113/007/S113_007_00000042.png,
/home/ubuntu/cohn-kanade-images/S113,/home/ubuntu/cohn-kanade-images/S113/008,/home/ubuntu/cohn-kanade-images/S113/008/S113_008_00000023.png,anger
/home/ubuntu/cohn-kanade-images/S114,/home/ubuntu/cohn-kanade-images/S114/001,/home/ubuntu/cohn-kanade-images/S114/001/S114_001_00000018.png,surprise
/home/ubuntu/cohn-kanade-images/S114,/home/ubuntu/cohn-kanade-images/S114/002,/home/ubuntu/cohn-kanade-images/S114/002/S114_002_00000016.png,
/home/ubuntu/cohn-kanade-images/S114,/home/ubuntu/cohn-kanade-images/S114/003,/home/ubuntu/cohn-kanade-images/S114/003/S114_003_00000010.png,
/home/ubuntu/cohn-kanade-images/S114,/home/ubuntu/cohn-kanade-images/S114/004,/home/ubuntu/cohn-kanade-images/S114/004/S114_004_00000021.png,
/home/ubuntu/cohn-kanade-images/S114,/home/ubuntu/cohn-kanade-images/S114/005,/home/ubuntu/cohn-kanade-images/S114/005/S114_005_00000022.png,
/home/ubuntu/cohn-kanade-images/S114,/home/ubuntu/cohn-kanade-images/S114/006,/home/ubuntu/cohn-kanade-images/S114/006/S114_006_00000023.png,happy
/home/ubuntu/cohn-kanade-images/S115,/home/ubuntu/cohn-kanade-images/S115/001,/home/ubuntu/cohn-kanade-images/S115/001/S115_001_00000008.png,surprise
/home/ubuntu/cohn-kanade-images/S115,/home/ubuntu/cohn-kanade-images/S115/002,/home/ubuntu/cohn-kanade-images/S115/002/S115_002_00000024.png,
/home/ubuntu/cohn-kanade-images/S115,/home/ubuntu/cohn-kanade-images/S115/003,/home/ubuntu/cohn-kanade-images/S115/003/S115_003_00000013.png,
/home/ubuntu/cohn-kanade-images/S115,/home/ubuntu/cohn-kanade-images/S115/004,/home/ubuntu/cohn-kanade-images/S115/004/S115_004_00000017.png,sadness
/home/ubuntu/cohn-kanade-images/S115,/home/ubuntu/cohn-kanade-images/S115/005,/home/ubuntu/cohn-kanade-images/S115/005/S115_005_00000015.png,
/home/ubuntu/cohn-kanade-images/S115,/home/ubuntu/cohn-kanade-images/S115/006,/home/ubuntu/cohn-kanade-images/S115/006/S115_006_00000017.png,
/home/ubuntu/cohn-kanade-images/S115,/home/ubuntu/cohn-kanade-images/S115/007,/home/ubuntu/cohn-kanade-images/S115/007/S115_007_00000023.png,
/home/ubuntu/cohn-kanade-images/S115,/home/ubuntu/cohn-kanade-images/S115/008,/home/ubuntu/cohn-kanade-images/S115/008/S115_008_00000017.png,happy
/home/ubuntu/cohn-kanade-images/S116,/home/ubuntu/cohn-kanade-images/S116/001,/home/ubuntu/cohn-kanade-images/S116/001/S116_001_00000014.png,surprise
/home/ubuntu/cohn-kanade-images/S116,/home/ubuntu/cohn-kanade-images/S116/002,/home/ubuntu/cohn-kanade-images/S116/002/S116_002_00000008.png,
/home/ubuntu/cohn-kanade-images/S116,/home/ubuntu/cohn-kanade-images/S116/003,/home/ubuntu/cohn-kanade-images/S116/003/S116_003_00000004.png,
/home/ubuntu/cohn-kanade-images/S116,/home/ubuntu/cohn-kanade-images/S116/004,/home/ubuntu/cohn-kanade-images/S116/004/S116_004_00000015.png,
/home/ubuntu/cohn-kanade-images/S116,/home/ubuntu/cohn-kanade-images/S116/005,/home/ubuntu/cohn-kanade-images/S116/005/S116_005_00000017.png,
/home/ubuntu/cohn-kanade-images/S116,/home/ubuntu/cohn-kanade-images/S116/006,/home/ubuntu/cohn-kanade-images/S116/006/S116_006_00000007.png,disgust
/home/ubuntu/cohn-kanade-images/S116,/home/ubuntu/cohn-kanade-images/S116/007,/home/ubuntu/cohn-kanade-images/S116/007/S116_007_00000017.png,happy
/home/ubuntu/cohn-kanade-images/S117,/home/ubuntu/cohn-kanade-images/S117/001,/home/ubuntu/cohn-kanade-images/S117/001/S117_001_00000014.png,surprise
/home/ubuntu/cohn-kanade-images/S117,/home/ubuntu/cohn-kanade-images/S117/002,/home/ubuntu/cohn-kanade-images/S117/002/S117_002_00000017.png,
/home/ubuntu/cohn-kanade-images/S117,/home/ubuntu/cohn-kanade-images/S117/003,/home/ubuntu/cohn-kanade-images/S117/003/S117_003_00000014.png,fear
/home/ubuntu/cohn-kanade-images/S117,/home/ubuntu/cohn-kanade-images/S117/004,/home/ubuntu/cohn-kanade-images/S117/004/S117_004_00000011.png,
/home/ubuntu/cohn-kanade-images/S117,/home/ubuntu/cohn-kanade-images/S117/005,/home/ubuntu/cohn-kanade-images/S117/005/S117_005_00000013.png,
/home/ubuntu/cohn-kanade-images/S117,/home/ubuntu/cohn-kanade-images/S117/006,/home/ubuntu/cohn-kanade-images/S117/006/S117_006_00000010.png,anger
/home/ubuntu/cohn-kanade-images/S117,/home/ubuntu/cohn-kanade-images/S117/007,/home/ubuntu/cohn-kanade-images/S117/007/S117_007_00000016.png,
/home/ubuntu/cohn-kanade-images/S118,/home/ubuntu/cohn-kanade-images/S118/001,/home/ubuntu/cohn-kanade-images/S118/001/S118_001_00000016.png,
/home/ubuntu/cohn-kanade-images/S118,/home/ubuntu/cohn-kanade-images/S118/002,/home/ubuntu/cohn-kanade-images/S118/002/S118_002_00000012.png,
/home/ubuntu/cohn-kanade-images/S118,/home/ubuntu/cohn-kanade-images/S118/003,/home/ubuntu/cohn-kanade-images/S118/003/S118_003_00000014.png,
/home/ubuntu/cohn-kanade-images/S118,/home/ubuntu/cohn-kanade-images/S118/004,/home/ubuntu/cohn-kanade-images/S118/004/S118_004_00000012.png,
/home/ubuntu/cohn-kanade-images/S118,/home/ubuntu/cohn-kanade-images/S118/005,/home/ubuntu/cohn-kanade-images/S118/005/S118_005_00000026.png,
/home/ubuntu/cohn-kanade-images/S118,/home/ubuntu/cohn-kanade-images/S118/006,/home/ubuntu/cohn-kanade-images/S118/006/S118_006_00000015.png,
/home/ubuntu/cohn-kanade-images/S119,/home/ubuntu/cohn-kanade-images/S119/001,/home/ubuntu/cohn-kanade-images/S119/001/S119_001_00000011.png,surprise
/home/ubuntu/cohn-kanade-images/S119,/home/ubuntu/cohn-kanade-images/S119/002,/home/ubuntu/cohn-kanade-images/S119/002/S119_002_00000024.png,
/home/ubuntu/cohn-kanade-images/S119,/home/ubuntu/cohn-kanade-images/S119/003,/home/ubuntu/cohn-kanade-images/S119/003/S119_003_00000024.png,fear
/home/ubuntu/cohn-kanade-images/S119,/home/ubuntu/cohn-kanade-images/S119/004,/home/ubuntu/cohn-kanade-images/S119/004/S119_004_00000014.png,
/home/ubuntu/cohn-kanade-images/S119,/home/ubuntu/cohn-kanade-images/S119/005,/home/ubuntu/cohn-kanade-images/S119/005/S119_005_00000017.png,
/home/ubuntu/cohn-kanade-images/S119,/home/ubuntu/cohn-kanade-images/S119/006,/home/ubuntu/cohn-kanade-images/S119/006/S119_006_00000016.png,
/home/ubuntu/cohn-kanade-images/S119,/home/ubuntu/cohn-kanade-images/S119/007,/home/ubuntu/cohn-kanade-images/S119/007/S119_007_00000014.png,
/home/ubuntu/cohn-kanade-images/S119,/home/ubuntu/cohn-kanade-images/S119/008,/home/ubuntu/cohn-kanade-images/S119/008/S119_008_00000018.png,anger
/home/ubuntu/cohn-kanade-images/S120,/home/ubuntu/cohn-kanade-images/S120/001,/home/ubuntu/cohn-kanade-images/S120/001/S120_001_00000014.png,
/home/ubuntu/cohn-kanade-images/S120,/home/ubuntu/cohn-kanade-images/S120/002,/home/ubuntu/cohn-kanade-images/S120/002/S120_002_00000020.png,
/home/ubuntu/cohn-kanade-images/S121,/home/ubuntu/cohn-kanade-images/S121/001,/home/ubuntu/cohn-kanade-images/S121/001/S121_001_00000016.png,
/home/ubuntu/cohn-kanade-images/S121,/home/ubuntu/cohn-kanade-images/S121/002,/home/ubuntu/cohn-kanade-images/S121/002/S121_002_00000017.png,
/home/ubuntu/cohn-kanade-images/S121,/home/ubuntu/cohn-kanade-images/S121/003,/home/ubuntu/cohn-kanade-images/S121/003/S121_003_00000018.png,
/home/ubuntu/cohn-kanade-images/S121,/home/ubuntu/cohn-kanade-images/S121/004,/home/ubuntu/cohn-kanade-images/S121/004/S121_004_00000011.png,
/home/ubuntu/cohn-kanade-images/S121,/home/ubuntu/cohn-kanade-images/S121/005,/home/ubuntu/cohn-kanade-images/S121/005/S121_005_00000014.png,
/home/ubuntu/cohn-kanade-images/S122,/home/ubuntu/cohn-kanade-images/S122/001,/home/ubuntu/cohn-kanade-images/S122/001/S122_001_00000012.png,surprise
/home/ubuntu/cohn-kanade-images/S122,/home/ubuntu/cohn-kanade-images/S122/002,/home/ubuntu/cohn-kanade-images/S122/002/S122_002_00000015.png,
/home/ubuntu/cohn-kanade-images/S122,/home/ubuntu/cohn-kanade-images/S122/004,/home/ubuntu/cohn-kanade-images/S122/004/S122_004_00000017.png,
/home/ubuntu/cohn-kanade-images/S122,/home/ubuntu/cohn-kanade-images/S122/005,/home/ubuntu/cohn-kanade-images/S122/005/S122_005_00000034.png,
/home/ubuntu/cohn-kanade-images/S124,/home/ubuntu/cohn-kanade-images/S124/001,/home/ubuntu/cohn-kanade-images/S124/001/S124_001_00000014.png,surprise
/home/ubuntu/cohn-kanade-images/S124,/home/ubuntu/cohn-kanade-images/S124/002,/home/ubuntu/cohn-kanade-images/S124/002/S124_002_00000017.png,
/home/ubuntu/cohn-kanade-images/S124,/home/ubuntu/cohn-kanade-images/S124/003,/home/ubuntu/cohn-kanade-images/S124/003/S124_003_00000011.png,fear
/home/ubuntu/cohn-kanade-images/S124,/home/ubuntu/cohn-kanade-images/S124/004,/home/ubuntu/cohn-kanade-images/S124/004/S124_004_00000029.png,
/home/ubuntu/cohn-kanade-images/S124,/home/ubuntu/cohn-kanade-images/S124/005,/home/ubuntu/cohn-kanade-images/S124/005/S124_005_00000043.png,
/home/ubuntu/cohn-kanade-images/S124,/home/ubuntu/cohn-kanade-images/S124/006,/home/ubuntu/cohn-kanade-images/S124/006/S124_006_00000011.png,disgust
/home/ubuntu/cohn-kanade-images/S124,/home/ubuntu/cohn-kanade-images/S124/007,/home/ubuntu/cohn-kanade-images/S124/007/S124_007_00000024.png,happy
/home/ubuntu/cohn-kanade-images/S125,/home/ubuntu/cohn-kanade-images/S125/001,/home/ubuntu/cohn-kanade-images/S125/001/S125_001_00000014.png,sadness
/home/ubuntu/cohn-kanade-images/S125,/home/ubuntu/cohn-kanade-images/S125/002,/home/ubuntu/cohn-kanade-images/S125/002/S125_002_00000017.png,
/home/ubuntu/cohn-kanade-images/S125,/home/ubuntu/cohn-kanade-images/S125/003,/home/ubuntu/cohn-kanade-images/S125/003/S125_003_00000008.png,
/home/ubuntu/cohn-kanade-images/S125,/home/ubuntu/cohn-kanade-images/S125/004,/home/ubuntu/cohn-kanade-images/S125/004/S125_004_00000014.png,
/home/ubuntu/cohn-kanade-images/S125,/home/ubuntu/cohn-kanade-images/S125/005,/home/ubuntu/cohn-kanade-images/S125/005/S125_005_00000013.png,happy
/home/ubuntu/cohn-kanade-images/S125,/home/ubuntu/cohn-kanade-images/S125/006,/home/ubuntu/cohn-kanade-images/S125/006/S125_006_00000022.png,fear
/home/ubuntu/cohn-kanade-images/S125,/home/ubuntu/cohn-kanade-images/S125/007,/home/ubuntu/cohn-kanade-images/S125/007/S125_007_00000009.png,surprise
/home/ubuntu/cohn-kanade-images/S125,/home/ubuntu/cohn-kanade-images/S125/008,/home/ubuntu/cohn-kanade-images/S125/008/S125_008_00000010.png,disgust
/home/ubuntu/cohn-kanade-images/S126,/home/ubuntu/cohn-kanade-images/S126/001,/home/ubuntu/cohn-kanade-images/S126/001/S126_001_00000037.png,
/home/ubuntu/cohn-kanade-images/S126,/home/ubuntu/cohn-kanade-images/S126/002,/home/ubuntu/cohn-kanade-images/S126/002/S126_002_00000021.png,
/home/ubuntu/cohn-kanade-images/S126,/home/ubuntu/cohn-kanade-images/S126/004,/home/ubuntu/cohn-kanade-images/S126/004/S126_004_00000012.png,surprise
/home/ubuntu/cohn-kanade-images/S126,/home/ubuntu/cohn-kanade-images/S126/008,/home/ubuntu/cohn-kanade-images/S126/008/S126_008_00000029.png,anger
/home/ubuntu/cohn-kanade-images/S127,/home/ubuntu/cohn-kanade-images/S127/001,/home/ubuntu/cohn-kanade-images/S127/001/S127_001_00000017.png,surprise
/home/ubuntu/cohn-kanade-images/S127,/home/ubuntu/cohn-kanade-images/S127/002,/home/ubuntu/cohn-kanade-images/S127/002/S127_002_00000026.png,
/home/ubuntu/cohn-kanade-images/S127,/home/ubuntu/cohn-kanade-images/S127/003,/home/ubuntu/cohn-kanade-images/S127/003/S127_003_00000015.png,
/home/ubuntu/cohn-kanade-images/S127,/home/ubuntu/cohn-kanade-images/S127/004,/home/ubuntu/cohn-kanade-images/S127/004/S127_004_00000016.png,happy
/home/ubuntu/cohn-kanade-images/S127,/home/ubuntu/cohn-kanade-images/S127/010,/home/ubuntu/cohn-kanade-images/S127/010/S127_010_00000018.png,anger
/home/ubuntu/cohn-kanade-images/S128,/home/ubuntu/cohn-kanade-images/S128/001,/home/ubuntu/cohn-kanade-images/S128/001/S128_001_00000024.png,
/home/ubuntu/cohn-kanade-images/S128,/home/ubuntu/cohn-kanade-images/S128/002,/home/ubuntu/cohn-kanade-images/S128/002/S128_002_00000010.png,
/home/ubuntu/cohn-kanade-images/S128,/home/ubuntu/cohn-kanade-images/S128/003,/home/ubuntu/cohn-kanade-images/S128/003/S128_003_00000010.png,
/home/ubuntu/cohn-kanade-images/S128,/home/ubuntu/cohn-kanade-images/S128/004,/home/ubuntu/cohn-kanade-images/S128/004/S128_004_00000013.png,disgust
/home/ubuntu/cohn-kanade-images/S128,/home/ubuntu/cohn-kanade-images/S128/005,/home/ubuntu/cohn-kanade-images/S128/005/S128_005_00000014.png,
/home/ubuntu/cohn-kanade-images/S128,/home/ubuntu/cohn-kanade-images/S128/011,/home/ubuntu/cohn-kanade-images/S128/011/S128_011_00000016.png,happy
/home/ubuntu/cohn-kanade-images/S129,/home/ubuntu/cohn-kanade-images/S129/001,/home/ubuntu/cohn-kanade-images/S129/001/S129_001_00000011.png,
/home/ubuntu/cohn-kanade-images/S129,/home/ubuntu/cohn-kanade-images/S129/002,/home/ubuntu/cohn-kanade-images/S129/002/S129_002_00000011.png,surprise
/home/ubuntu/cohn-kanade-images/S129,/home/ubuntu/cohn-kanade-images/S129/003,/home/ubuntu/cohn-kanade-images/S129/003/S129_003_00000024.png,
/home/ubuntu/cohn-kanade-images/S129,/home/ubuntu/cohn-kanade-images/S129/004,/home/ubuntu/cohn-kanade-images/S129/004/S129_004_00000015.png,
/home/ubuntu/cohn-kanade-images/S129,/home/ubuntu/cohn-kanade-images/S129/005,/home/ubuntu/cohn-kanade-images/S129/005/S129_005_00000019.png,
/home/ubuntu/cohn-kanade-images/S129,/home/ubuntu/cohn-kanade-images/S129/006,/home/ubuntu/cohn-kanade-images/S129/006/S129_006_00000010.png,anger
/home/ubuntu/cohn-kanade-images/S129,/home/ubuntu/cohn-kanade-images/S129/007,/home/ubuntu/cohn-kanade-images/S129/007/S129_007_00000004.png,
/home/ubuntu/cohn-kanade-images/S129,/home/ubuntu/cohn-kanade-images/S129/011,/home/ubuntu/cohn-kanade-images/S129/011/S129_011_00000018.png,disgust
/home/ubuntu/cohn-kanade-images/S129,/home/ubuntu/cohn-kanade-images/S129/012,/home/ubuntu/cohn-kanade-images/S129/012/S129_012_00000011.png,happy
/home/ubuntu/cohn-kanade-images/S130,/home/ubuntu/cohn-kanade-images/S130/001,/home/ubuntu/cohn-kanade-images/S130/001/S130_001_00000018.png,surprise
/home/ubuntu/cohn-kanade-images/S130,/home/ubuntu/cohn-kanade-images/S130/002,/home/ubuntu/cohn-kanade-images/S130/002/S130_002_00000030.png,
/home/ubuntu/cohn-kanade-images/S130,/home/ubuntu/cohn-kanade-images/S130/003,/home/ubuntu/cohn-kanade-images/S130/003/S130_003_00000028.png,
/home/ubuntu/cohn-kanade-images/S130,/home/ubuntu/cohn-kanade-images/S130/004,/home/ubuntu/cohn-kanade-images/S130/004/S130_004_00000019.png,
/home/ubuntu/cohn-kanade-images/S130,/home/ubuntu/cohn-kanade-images/S130/005,/home/ubuntu/cohn-kanade-images/S130/005/S130_005_00000009.png,
/home/ubuntu/cohn-kanade-images/S130,/home/ubuntu/cohn-kanade-images/S130/006,/home/ubuntu/cohn-kanade-images/S130/006/S130_006_00000032.png,
/home/ubuntu/cohn-kanade-images/S130,/home/ubuntu/cohn-kanade-images/S130/007,/home/ubuntu/cohn-kanade-images/S130/007/S130_007_00000020.png,anger
/home/ubuntu/cohn-kanade-images/S130,/home/ubuntu/cohn-kanade-images/S130/008,/home/ubuntu/cohn-kanade-images/S130/008/S130_008_00000019.png,
/home/ubuntu/cohn-kanade-images/S130,/home/ubuntu/cohn-kanade-images/S130/009,/home/ubuntu/cohn-kanade-images/S130/009/S130_009_00000019.png,sadness
/home/ubuntu/cohn-kanade-images/S130,/home/ubuntu/cohn-kanade-images/S130/012,/home/ubuntu/cohn-kanade-images/S130/012/S130_012_00000011.png,disgust
/home/ubuntu/cohn-kanade-images/S130,/home/ubuntu/cohn-kanade-images/S130/013,/home/ubuntu/cohn-kanade-images/S130/013/S130_013_00000015.png,happy
/home/ubuntu/cohn-kanade-images/S131,/home/ubuntu/cohn-kanade-images/S131/001,/home/ubuntu/cohn-kanade-images/S131/001/S131_001_00000016.png,surprise
/home/ubuntu/cohn-kanade-images/S131,/home/ubuntu/cohn-kanade-images/S131/002,/home/ubuntu/cohn-kanade-images/S131/002/S131_002_00000024.png,
/home/ubuntu/cohn-kanade-images/S131,/home/ubuntu/cohn-kanade-images/S131/003,/home/ubuntu/cohn-kanade-images/S131/003/S131_003_00000024.png,sadness
/home/ubuntu/cohn-kanade-images/S131,/home/ubuntu/cohn-kanade-images/S131/004,/home/ubuntu/cohn-kanade-images/S131/004/S131_004_00000005.png,
/home/ubuntu/cohn-kanade-images/S131,/home/ubuntu/cohn-kanade-images/S131/005,/home/ubuntu/cohn-kanade-images/S131/005/S131_005_00000010.png,
/home/ubuntu/cohn-kanade-images/S131,/home/ubuntu/cohn-kanade-images/S131/006,/home/ubuntu/cohn-kanade-images/S131/006/S131_006_00000022.png,happy
/home/ubuntu/cohn-kanade-images/S131,/home/ubuntu/cohn-kanade-images/S131/007,/home/ubuntu/cohn-kanade-images/S131/007/S131_007_00000014.png,
/home/ubuntu/cohn-kanade-images/S131,/home/ubuntu/cohn-kanade-images/S131/010,/home/ubuntu/cohn-kanade-images/S131/010/S131_010_00000018.png,disgust
/home/ubuntu/cohn-kanade-images/S132,/home/ubuntu/cohn-kanade-images/S132/001,/home/ubuntu/cohn-kanade-images/S132/001/S132_001_00000011.png,
/home/ubuntu/cohn-kanade-images/S132,/home/ubuntu/cohn-kanade-images/S132/002,/home/ubuntu/cohn-kanade-images/S132/002/S132_002_00000018.png,sadness
/home/ubuntu/cohn-kanade-images/S132,/home/ubuntu/cohn-kanade-images/S132/003,/home/ubuntu/cohn-kanade-images/S132/003/S132_003_00000023.png,fear
/home/ubuntu/cohn-kanade-images/S132,/home/ubuntu/cohn-kanade-images/S132/004,/home/ubuntu/cohn-kanade-images/S132/004/S132_004_00000015.png,
/home/ubuntu/cohn-kanade-images/S132,/home/ubuntu/cohn-kanade-images/S132/005,/home/ubuntu/cohn-kanade-images/S132/005/S132_005_00000016.png,disgust
/home/ubuntu/cohn-kanade-images/S132,/home/ubuntu/cohn-kanade-images/S132/006,/home/ubuntu/cohn-kanade-images/S132/006/S132_006_00000023.png,happy
/home/ubuntu/cohn-kanade-images/S132,/home/ubuntu/cohn-kanade-images/S132/007,/home/ubuntu/cohn-kanade-images/S132/007/S132_007_00000019.png,
/home/ubuntu/cohn-kanade-images/S132,/home/ubuntu/cohn-kanade-images/S132/008,/home/ubuntu/cohn-kanade-images/S132/008/S132_008_00000010.png,surprise
/home/ubuntu/cohn-kanade-images/S133,/home/ubuntu/cohn-kanade-images/S133/001,/home/ubuntu/cohn-kanade-images/S133/001/S133_001_00000029.png,
/home/ubuntu/cohn-kanade-images/S133,/home/ubuntu/cohn-kanade-images/S133/002,/home/ubuntu/cohn-kanade-images/S133/002/S133_002_00000020.png,
/home/ubuntu/cohn-kanade-images/S133,/home/ubuntu/cohn-kanade-images/S133/003,/home/ubuntu/cohn-kanade-images/S133/003/S133_003_00000047.png,anger
/home/ubuntu/cohn-kanade-images/S133,/home/ubuntu/cohn-kanade-images/S133/004,/home/ubuntu/cohn-kanade-images/S133/004/S133_004_00000015.png,
/home/ubuntu/cohn-kanade-images/S133,/home/ubuntu/cohn-kanade-images/S133/009,/home/ubuntu/cohn-kanade-images/S133/009/S133_009_00000006.png,surprise
/home/ubuntu/cohn-kanade-images/S133,/home/ubuntu/cohn-kanade-images/S133/010,/home/ubuntu/cohn-kanade-images/S133/010/S133_010_00000014.png,happy
/home/ubuntu/cohn-kanade-images/S134,/home/ubuntu/cohn-kanade-images/S134/001,/home/ubuntu/cohn-kanade-images/S134/001/S134_001_00000023.png,
/home/ubuntu/cohn-kanade-images/S134,/home/ubuntu/cohn-kanade-images/S134/002,/home/ubuntu/cohn-kanade-images/S134/002/S134_002_00000017.png,
/home/ubuntu/cohn-kanade-images/S134,/home/ubuntu/cohn-kanade-images/S134/003,/home/ubuntu/cohn-kanade-images/S134/003/S134_003_00000011.png,anger
/home/ubuntu/cohn-kanade-images/S134,/home/ubuntu/cohn-kanade-images/S134/004,/home/ubuntu/cohn-kanade-images/S134/004/S134_004_00000015.png,happy
/home/ubuntu/cohn-kanade-images/S134,/home/ubuntu/cohn-kanade-images/S134/008,/home/ubuntu/cohn-kanade-images/S134/008/S134_008_00000013.png,disgust
/home/ubuntu/cohn-kanade-images/S135,/home/ubuntu/cohn-kanade-images/S135/001,/home/ubuntu/cohn-kanade-images/S135/001/S135_001_00000039.png,surprise
/home/ubuntu/cohn-kanade-images/S135,/home/ubuntu/cohn-kanade-images/S135/002,/home/ubuntu/cohn-kanade-images/S135/002/S135_002_00000019.png,
/home/ubuntu/cohn-kanade-images/S135,/home/ubuntu/cohn-kanade-images/S135/003,/home/ubuntu/cohn-kanade-images/S135/003/S135_003_00000013.png,
/home/ubuntu/cohn-kanade-images/S135,/home/ubuntu/cohn-kanade-images/S135/004,/home/ubuntu/cohn-kanade-images/S135/004/S135_004_00000016.png,
/home/ubuntu/cohn-kanade-images/S135,/home/ubuntu/cohn-kanade-images/S135/012,/home/ubuntu/cohn-kanade-images/S135/012/S135_012_00000020.png,happy
/home/ubuntu/cohn-kanade-images/S136,/home/ubuntu/cohn-kanade-images/S136/001,/home/ubuntu/cohn-kanade-images/S136/001/S136_001_00000019.png,surprise
/home/ubuntu/cohn-kanade-images/S136,/home/ubuntu/cohn-kanade-images/S136/002,/home/ubuntu/cohn-kanade-images/S136/002/S136_002_00000012.png,
/home/ubuntu/cohn-kanade-images/S136,/home/ubuntu/cohn-kanade-images/S136/003,/home/ubuntu/cohn-kanade-images/S136/003/S136_003_00000014.png,sadness
/home/ubuntu/cohn-kanade-images/S136,/home/ubuntu/cohn-kanade-images/S136/004,/home/ubuntu/cohn-kanade-images/S136/004/S136_004_00000015.png,
/home/ubuntu/cohn-kanade-images/S136,/home/ubuntu/cohn-kanade-images/S136/005,/home/ubuntu/cohn-kanade-images/S136/005/S136_005_00000010.png,anger
/home/ubuntu/cohn-kanade-images/S136,/home/ubuntu/cohn-kanade-images/S136/006,/home/ubuntu/cohn-kanade-images/S136/006/S136_006_00000020.png,happy
/home/ubuntu/cohn-kanade-images/S137,/home/ubuntu/cohn-kanade-images/S137/001,/home/ubuntu/cohn-kanade-images/S137/001/S137_001_00000014.png,surprise
/home/ubuntu/cohn-kanade-images/S137,/home/ubuntu/cohn-kanade-images/S137/002,/home/ubuntu/cohn-kanade-images/S137/002/S137_002_00000015.png,
/home/ubuntu/cohn-kanade-images/S137,/home/ubuntu/cohn-kanade-images/S137/003,/home/ubuntu/cohn-kanade-images/S137/003/S137_003_00000007.png,
/home/ubuntu/cohn-kanade-images/S137,/home/ubuntu/cohn-kanade-images/S137/004,/home/ubuntu/cohn-kanade-images/S137/004/S137_004_00000006.png,
/home/ubuntu/cohn-kanade-images/S137,/home/ubuntu/cohn-kanade-images/S137/005,/home/ubuntu/cohn-kanade-images/S137/005/S137_005_00000027.png,sadness
/home/ubuntu/cohn-kanade-images/S137,/home/ubuntu/cohn-kanade-images/S137/011,/home/ubuntu/cohn-kanade-images/S137/011/S137_011_00000020.png,happy
/home/ubuntu/cohn-kanade-images/S138,/home/ubuntu/cohn-kanade-images/S138/001,/home/ubuntu/cohn-kanade-images/S138/001/S138_001_00000012.png,fear
/home/ubuntu/cohn-kanade-images/S138,/home/ubuntu/cohn-kanade-images/S138/002,/home/ubuntu/cohn-kanade-images/S138/002/S138_002_00000011.png,
/home/ubuntu/cohn-kanade-images/S138,/home/ubuntu/cohn-kanade-images/S138/003,/home/ubuntu/cohn-kanade-images/S138/003/S138_003_00000009.png,
/home/ubuntu/cohn-kanade-images/S138,/home/ubuntu/cohn-kanade-images/S138/004,/home/ubuntu/cohn-kanade-images/S138/004/S138_004_00000013.png,surprise
/home/ubuntu/cohn-kanade-images/S138,/home/ubuntu/cohn-kanade-images/S138/005,/home/ubuntu/cohn-kanade-images/S138/005/S138_005_00000016.png,happy
/home/ubuntu/cohn-kanade-images/S138,/home/ubuntu/cohn-kanade-images/S138/006,/home/ubuntu/cohn-kanade-images/S138/006/S138_006_00000012.png,
/home/ubuntu/cohn-kanade-images/S138,/home/ubuntu/cohn-kanade-images/S138/007,/home/ubuntu/cohn-kanade-images/S138/007/S138_007_00000011.png,sadness
/home/ubuntu/cohn-kanade-images/S138,/home/ubuntu/cohn-kanade-images/S138/008,/home/ubuntu/cohn-kanade-images/S138/008/S138_008_00000009.png,contempt
/home/ubuntu/cohn-kanade-images/S139,/home/ubuntu/cohn-kanade-images/S139/002,/home/ubuntu/cohn-kanade-images/S139/002/S139_002_00000013.png,contempt
/home/ubuntu/cohn-kanade-images/S147,/home/ubuntu/cohn-kanade-images/S147/002,/home/ubuntu/cohn-kanade-images/S147/002/S147_002_00000013.png,contempt
/home/ubuntu/cohn-kanade-images/S148,/home/ubuntu/cohn-kanade-images/S148/002,/home/ubuntu/cohn-kanade-images/S148/002/S148_002_00000015.png,contempt
/home/ubuntu/cohn-kanade-images/S149,/home/ubuntu/cohn-kanade-images/S149/002,/home/ubuntu/cohn-kanade-images/S149/002/S149_002_00000013.png,contempt
/home/ubuntu/cohn-kanade-images/S151,/home/ubuntu/cohn-kanade-images/S151/002,/home/ubuntu/cohn-kanade-images/S151/002/S151_002_00000029.png,contempt
/home/ubuntu/cohn-kanade-images/S154,/home/ubuntu/cohn-kanade-images/S154/002,/home/ubuntu/cohn-kanade-images/S154/002/S154_002_00000013.png,contempt
/home/ubuntu/cohn-kanade-images/S155,/home/ubuntu/cohn-kanade-images/S155/002,/home/ubuntu/cohn-kanade-images/S155/002/S155_002_00000012.png,contempt
/home/ubuntu/cohn-kanade-images/S156,/home/ubuntu/cohn-kanade-images/S156/002,/home/ubuntu/cohn-kanade-images/S156/002/S156_002_00000021.png,contempt
/home/ubuntu/cohn-kanade-images/S157,/home/ubuntu/cohn-kanade-images/S157/002,/home/ubuntu/cohn-kanade-images/S157/002/S157_002_00000011.png,contempt
/home/ubuntu/cohn-kanade-images/S158,/home/ubuntu/cohn-kanade-images/S158/002,/home/ubuntu/cohn-kanade-images/S158/002/S158_002_00000011.png,contempt
/home/ubuntu/cohn-kanade-images/S160,/home/ubuntu/cohn-kanade-images/S160/006,/home/ubuntu/cohn-kanade-images/S160/006/S160_006_00000010.png,contempt
/home/ubuntu/cohn-kanade-images/S501,/home/ubuntu/cohn-kanade-images/S501/001,/home/ubuntu/cohn-kanade-images/S501/001/S501_001_00000067.png,anger
/home/ubuntu/cohn-kanade-images/S501,/home/ubuntu/cohn-kanade-images/S501/004,/home/ubuntu/cohn-kanade-images/S501/004/S501_004_00000056.png,fear
/home/ubuntu/cohn-kanade-images/S501,/home/ubuntu/cohn-kanade-images/S501/006,/home/ubuntu/cohn-kanade-images/S501/006/S501_006_00000041.png,sadness
/home/ubuntu/cohn-kanade-images/S502,/home/ubuntu/cohn-kanade-images/S502/001,/home/ubuntu/cohn-kanade-images/S502/001/S502_001_00000016.png,anger
/home/ubuntu/cohn-kanade-images/S502,/home/ubuntu/cohn-kanade-images/S502/002,/home/ubuntu/cohn-kanade-images/S502/002/S502_002_00000009.png,contempt
/home/ubuntu/cohn-kanade-images/S502,/home/ubuntu/cohn-kanade-images/S502/004,/home/ubuntu/cohn-kanade-images/S502/004/S502_004_00000052.png,fear
/home/ubuntu/cohn-kanade-images/S503,/home/ubuntu/cohn-kanade-images/S503/001,/home/ubuntu/cohn-kanade-images/S503/001/S503_001_00000071.png,anger
/home/ubuntu/cohn-kanade-images/S503,/home/ubuntu/cohn-kanade-images/S503/002,/home/ubuntu/cohn-kanade-images/S503/002/S503_002_00000008.png,contempt
/home/ubuntu/cohn-kanade-images/S503,/home/ubuntu/cohn-kanade-images/S503/006,/home/ubuntu/cohn-kanade-images/S503/006/S503_006_00000020.png,sadness
/home/ubuntu/cohn-kanade-images/S504,/home/ubuntu/cohn-kanade-images/S504/001,/home/ubuntu/cohn-kanade-images/S504/001/S504_001_00000022.png,anger
/home/ubuntu/cohn-kanade-images/S504,/home/ubuntu/cohn-kanade-images/S504/002,/home/ubuntu/cohn-kanade-images/S504/002/S504_002_00000009.png,contempt
/home/ubuntu/cohn-kanade-images/S504,/home/ubuntu/cohn-kanade-images/S504/004,/home/ubuntu/cohn-kanade-images/S504/004/S504_004_00000015.png,fear
/home/ubuntu/cohn-kanade-images/S504,/home/ubuntu/cohn-kanade-images/S504/006,/home/ubuntu/cohn-kanade-images/S504/006/S504_006_00000018.png,sadness
/home/ubuntu/cohn-kanade-images/S505,/home/ubuntu/cohn-kanade-images/S505/002,/home/ubuntu/cohn-kanade-images/S505/002/S505_002_00000021.png,contempt
/home/ubuntu/cohn-kanade-images/S505,/home/ubuntu/cohn-kanade-images/S505/006,/home/ubuntu/cohn-kanade-images/S505/006/S505_006_00000019.png,sadness
/home/ubuntu/cohn-kanade-images/S506,/home/ubuntu/cohn-kanade-images/S506/001,/home/ubuntu/cohn-kanade-images/S506/001/S506_001_00000040.png,anger
/home/ubuntu/cohn-kanade-images/S506,/home/ubuntu/cohn-kanade-images/S506/002,/home/ubuntu/cohn-kanade-images/S506/002/S506_002_00000009.png,contempt
/home/ubuntu/cohn-kanade-images/S506,/home/ubuntu/cohn-kanade-images/S506/004,/home/ubuntu/cohn-kanade-images/S506/004/S506_004_00000038.png,fear
/home/ubuntu/cohn-kanade-images/S506,/home/ubuntu/cohn-kanade-images/S506/006,/home/ubuntu/cohn-kanade-images/S506/006/S506_006_00000042.png,sadness
/home/ubuntu/cohn-kanade-images/S895,/home/ubuntu/cohn-kanade-images/S895/002,/home/ubuntu/cohn-kanade-images/S895/002/S895_002_00000007.png,contempt
/home/ubuntu/cohn-kanade-images/S999,/home/ubuntu/cohn-kanade-images/S999/001,/home/ubuntu/cohn-kanade-images/S999/001/S999_001_00000018.png,anger
/home/ubuntu/cohn-kanade-images/S999,/home/ubuntu/cohn-kanade-images/S999/003,/home/ubuntu/cohn-kanade-images/S999/003/S999_003_00000055.png,fear
